Complaint_ID,Complaint_Text,Category,Department,State,City,Submission_Date,Status,Priority,Pending_Days,Resolution_Date,Escalated,Feedback_Rating
IND-CMP-0001,My welfare scheme application has remained pending for 103 days.,Welfare Scheme,Social Welfare Department,Uttar Pradesh,Visakhapatnam,2024-06-10,In Progress,High,103,,0,
IND-CMP-0002,My welfare scheme application has remained pending for 4 days.,Welfare Scheme,Social Welfare Department,Karnataka,Chennai,2025-07-29,In Progress,Low,4,,0,
IND-CMP-0003,Drainage blockage is causing water accumulation in the locality for 44 days.,Drainage,Municipal Engineering Department,Rajasthan,Bhopal,2025-02-24,Resolved,Medium,0,2025-03-25,0,2
IND-CMP-0004,Garbage collection has been irregular for 100 days and waste is accumulating.,Sanitation,Municipal Sanitation Department,Kerala,Jaipur,2025-12-12,Pending,High,100,,0,
IND-CMP-0005,The drainage system needs cleaning because wastewater is not flowing properly.,Drainage,Municipal Engineering Department,Bihar,Patna,2026-03-25,Resolved,High,0,2026-06-06,0,4
IND-CMP-0006,Repeated power-related service interruptions have affected residents for 12 days.,Electricity,Electricity Department,Tamil Nadu,Kochi,2024-09-25,Escalated,Low,12,,1,
IND-CMP-0007,Repeated power-related service interruptions have affected residents for 88 days.,Electricity,Electricity Department,West Bengal,Bhopal,2026-04-07,Resolved,High,0,2026-05-31,0,4
IND-CMP-0008,Several public street lights are not functioning and require maintenance.,Street Lighting,Municipal Engineering Department,Tamil Nadu,Kochi,2025-04-08,Resolved,Low,0,2025-04-18,0,5
IND-CMP-0009,Street electricity infrastructure in our area has not been functioning properly for 79 days.,Electricity,Electricity Department,Andhra Pradesh,Mumbai,2025-02-07,In Progress,High,79,,0,
IND-CMP-0010,Public transport service is irregular and commuters are facing repeated delays.,Public Transport,Transport Department,Karnataka,Jaipur,2024-09-07,In Progress,Low,19,,0,
IND-CMP-0011,My welfare scheme application has remained pending for 18 days.,Welfare Scheme,Social Welfare Department,Bihar,Hyderabad,2024-07-22,Pending,Low,18,,0,
IND-CMP-0012,There has been a delay in processing my requested government certificate.,Certificates,Revenue Department,Uttar Pradesh,Mumbai,2025-04-18,Resolved,High,0,2025-04-28,0,3
IND-CMP-0013,My certificate application has remained pending for 33 days without a clear update.,Certificates,Revenue Department,West Bengal,Chennai,2025-08-19,In Progress,Medium,33,,0,
IND-CMP-0014,Garbage collection has been irregular for 100 days and waste is accumulating.,Sanitation,Municipal Sanitation Department,Kerala,Bhopal,2024-01-12,Resolved,High,0,2024-02-28,0,3
IND-CMP-0015,Repeated power-related service interruptions have affected residents for 119 days.,Electricity,Electricity Department,Gujarat,Kochi,2024-11-24,Resolved,High,0,2025-01-20,0,3
IND-CMP-0016,The local public health facility is facing a service delay and residents need assistance.,Public Health,Public Health Department,Maharashtra,Kolkata,2025-01-26,In Progress,High,40,,0,
IND-CMP-0017,Street electricity infrastructure in our area has not been functioning properly for 116 days.,Electricity,Electricity Department,Telangana,Kolkata,2024-07-07,Resolved,High,0,2024-10-27,0,4
IND-CMP-0018,The public area has not been cleaned regularly and sanitation conditions are poor.,Sanitation,Municipal Sanitation Department,Gujarat,Kochi,2025-06-30,Resolved,Medium,0,2025-07-14,0,2
IND-CMP-0019,Public transport service is irregular and commuters are facing repeated delays.,Public Transport,Transport Department,Kerala,Jaipur,2026-05-02,Escalated,Medium,56,,1,
IND-CMP-0020,My welfare scheme application has remained pending for 96 days.,Welfare Scheme,Social Welfare Department,Andhra Pradesh,Lucknow,2025-05-22,Pending,High,96,,0,
IND-CMP-0021,My certificate application has remained pending for 72 days without a clear update.,Certificates,Revenue Department,Uttar Pradesh,Bengaluru,2025-01-24,Resolved,Medium,0,2025-02-24,0,5
IND-CMP-0022,Public transport service is irregular and commuters are facing repeated delays.,Public Transport,Transport Department,Tamil Nadu,Jaipur,2024-10-14,In Progress,Low,1,,0,
IND-CMP-0023,Garbage collection has been irregular for 50 days and waste is accumulating.,Sanitation,Municipal Sanitation Department,Maharashtra,Bengaluru,2025-09-18,Resolved,Medium,0,2025-10-09,0,2
IND-CMP-0024,Public transport service is irregular and commuters are facing repeated delays.,Public Transport,Transport Department,Maharashtra,Chennai,2024-08-23,In Progress,Low,10,,0,
IND-CMP-0025,The local public health facility is facing a service delay and residents need assistance.,Public Health,Public Health Department,Uttar Pradesh,Chennai,2025-09-22,In Progress,High,13,,0,
IND-CMP-0026,The scheduled public transport service has been unreliable for 65 days.,Public Transport,Transport Department,Karnataka,Bhopal,2025-03-19,Resolved,Medium,0,2025-04-19,0,3
IND-CMP-0027,Several public street lights are not functioning and require maintenance.,Street Lighting,Municipal Engineering Department,West Bengal,Visakhapatnam,2024-06-19,In Progress,High,76,,0,
IND-CMP-0028,Public transport service is irregular and commuters are facing repeated delays.,Public Transport,Transport Department,Gujarat,Visakhapatnam,2025-10-20,Escalated,Low,19,,1,
IND-CMP-0029,There has been no regular water supply in our area for 117 days.,Water Supply,Water Supply Department,Karnataka,Jaipur,2025-05-08,In Progress,High,117,,0,
IND-CMP-0030,The public area has not been cleaned regularly and sanitation conditions are poor.,Sanitation,Municipal Sanitation Department,Telangana,Mumbai,2025-07-13,In Progress,Medium,55,,0,
IND-CMP-0031,Street lights in the locality have not been working for 5 days.,Street Lighting,Municipal Engineering Department,Andhra Pradesh,Ahmedabad,2024-11-30,Pending,Low,5,,0,
IND-CMP-0032,Public transport service is irregular and commuters are facing repeated delays.,Public Transport,Transport Department,Tamil Nadu,Bhopal,2025-01-13,Pending,Medium,44,,0,
IND-CMP-0033,Repeated power-related service interruptions have affected residents for 90 days.,Electricity,Electricity Department,West Bengal,Visakhapatnam,2025-03-21,Resolved,High,0,2025-03-25,0,4
IND-CMP-0034,The public area has not been cleaned regularly and sanitation conditions are poor.,Sanitation,Municipal Sanitation Department,Karnataka,Mumbai,2025-06-03,Resolved,High,0,2025-09-02,0,3
IND-CMP-0035,The scheduled public transport service has been unreliable for 96 days.,Public Transport,Transport Department,Karnataka,Mumbai,2024-01-02,Resolved,High,0,2024-01-06,0,4
IND-CMP-0036,Public transport service is irregular and commuters are facing repeated delays.,Public Transport,Transport Department,Tamil Nadu,Ahmedabad,2025-04-12,Pending,High,105,,0,
IND-CMP-0037,My certificate application has remained pending for 91 days without a clear update.,Certificates,Revenue Department,Maharashtra,Patna,2024-10-20,Escalated,High,91,,1,
IND-CMP-0038,My welfare scheme application has remained pending for 88 days.,Welfare Scheme,Social Welfare Department,Tamil Nadu,Chennai,2025-03-25,Resolved,High,0,2025-04-21,0,1
IND-CMP-0039,The benefit related to my welfare application has not been processed within the expected time.,Welfare Scheme,Social Welfare Department,West Bengal,Kolkata,2026-03-25,Resolved,Low,0,2026-04-04,0,5
IND-CMP-0040,My certificate application has remained pending for 43 days without a clear update.,Certificates,Revenue Department,West Bengal,Bhopal,2024-02-22,Resolved,Medium,0,2024-03-05,0,2
IND-CMP-0041,My certificate application has remained pending for 85 days without a clear update.,Certificates,Revenue Department,Andhra Pradesh,Patna,2025-10-19,Pending,High,85,,0,
IND-CMP-0042,There has been no regular water supply in our area for 89 days.,Water Supply,Water Supply Department,Maharashtra,Chennai,2024-10-09,In Progress,High,89,,0,
IND-CMP-0043,Drinking water supply is irregular and residents are facing difficulty for 46 days.,Water Supply,Water Supply Department,West Bengal,Kolkata,2025-05-25,Escalated,Medium,46,,1,
IND-CMP-0044,There has been no regular water supply in our area for 73 days.,Water Supply,Water Supply Department,Bihar,Kolkata,2025-01-09,Pending,Medium,73,,0,
IND-CMP-0045,The public area has not been cleaned regularly and sanitation conditions are poor.,Sanitation,Municipal Sanitation Department,Rajasthan,Bhopal,2025-11-27,Escalated,Low,23,,1,
IND-CMP-0046,Street electricity infrastructure in our area has not been functioning properly for 63 days.,Electricity,Electricity Department,Rajasthan,Ahmedabad,2026-05-12,Pending,Medium,63,,0,
IND-CMP-0047,The local public health facility is facing a service delay and residents need assistance.,Public Health,Public Health Department,Andhra Pradesh,Kochi,2025-07-12,Resolved,High,0,2025-07-25,0,5
IND-CMP-0048,Garbage collection has been irregular for 33 days and waste is accumulating.,Sanitation,Municipal Sanitation Department,Karnataka,Kolkata,2024-01-22,Pending,Medium,33,,0,
IND-CMP-0049,Drinking water supply is irregular and residents are facing difficulty for 5 days.,Water Supply,Water Supply Department,Andhra Pradesh,Patna,2024-09-24,Resolved,Low,0,2024-09-29,0,2
IND-CMP-0050,There has been no regular water supply in our area for 13 days.,Water Supply,Water Supply Department,Tamil Nadu,Bengaluru,2025-08-27,Resolved,Low,0,2025-08-28,0,3
IND-CMP-0051,Drinking water supply is irregular and residents are facing difficulty for 11 days.,Water Supply,Water Supply Department,Karnataka,Hyderabad,2024-03-24,Resolved,Low,0,2024-03-28,0,1
IND-CMP-0052,Several public street lights are not functioning and require maintenance.,Street Lighting,Municipal Engineering Department,Rajasthan,Visakhapatnam,2025-06-27,In Progress,High,103,,0,
IND-CMP-0053,There has been a delay in processing my requested government certificate.,Certificates,Revenue Department,Tamil Nadu,Bengaluru,2025-03-18,In Progress,High,113,,0,
IND-CMP-0054,Several public street lights are not functioning and require maintenance.,Street Lighting,Municipal Engineering Department,Rajasthan,Jaipur,2025-06-25,Resolved,Medium,0,2025-07-27,0,3
IND-CMP-0055,The public area has not been cleaned regularly and sanitation conditions are poor.,Sanitation,Municipal Sanitation Department,Telangana,Bengaluru,2026-03-12,Pending,Medium,69,,0,
IND-CMP-0056,Street lights in the locality have not been working for 37 days.,Street Lighting,Municipal Engineering Department,Karnataka,Kolkata,2026-04-06,In Progress,Medium,37,,0,
IND-CMP-0057,The drainage system needs cleaning because wastewater is not flowing properly.,Drainage,Municipal Engineering Department,Karnataka,Visakhapatnam,2024-06-18,Escalated,Low,21,,1,
IND-CMP-0058,There has been a delay in processing my requested government certificate.,Certificates,Revenue Department,Uttar Pradesh,Mumbai,2025-12-09,Pending,Medium,30,,0,
IND-CMP-0059,The benefit related to my welfare application has not been processed within the expected time.,Welfare Scheme,Social Welfare Department,Gujarat,Kolkata,2025-07-29,In Progress,Medium,70,,0,
IND-CMP-0060,The scheduled public transport service has been unreliable for 10 days.,Public Transport,Transport Department,Uttar Pradesh,Bhopal,2025-08-16,Resolved,Low,0,2025-08-17,0,3
IND-CMP-0061,Street electricity infrastructure in our area has not been functioning properly for 95 days.,Electricity,Electricity Department,Bihar,Chennai,2026-04-05,Resolved,High,0,2026-06-17,0,3
IND-CMP-0062,Street lights in the locality have not been working for 89 days.,Street Lighting,Municipal Engineering Department,Tamil Nadu,Bhopal,2026-01-02,Pending,High,89,,0,
IND-CMP-0063,The local public health facility is facing a service delay and residents need assistance.,Public Health,Public Health Department,Gujarat,Patna,2024-05-01,In Progress,Medium,57,,0,
IND-CMP-0064,Drainage blockage is causing water accumulation in the locality for 17 days.,Drainage,Municipal Engineering Department,Bihar,Ahmedabad,2024-12-28,Resolved,Low,0,2025-01-03,0,1
IND-CMP-0065,Street lights in the locality have not been working for 35 days.,Street Lighting,Municipal Engineering Department,Uttar Pradesh,Mumbai,2025-06-30,Resolved,Medium,0,2025-07-21,0,5
IND-CMP-0066,Public transport service is irregular and commuters are facing repeated delays.,Public Transport,Transport Department,Rajasthan,Bengaluru,2025-07-19,In Progress,Medium,44,,0,
IND-CMP-0067,Basic public health services have not been available as expected for 114 days.,Public Health,Public Health Department,Tamil Nadu,Mumbai,2024-10-16,Resolved,High,0,2024-12-24,0,2
IND-CMP-0068,Repeated power-related service interruptions have affected residents for 68 days.,Electricity,Electricity Department,Tamil Nadu,Visakhapatnam,2025-08-24,Resolved,High,0,2025-09-26,0,2
IND-CMP-0069,Garbage collection has been irregular for 41 days and waste is accumulating.,Sanitation,Municipal Sanitation Department,Tamil Nadu,Mumbai,2024-01-30,Resolved,Medium,0,2024-02-17,0,1
IND-CMP-0070,My certificate application has remained pending for 112 days without a clear update.,Certificates,Revenue Department,Karnataka,Ahmedabad,2025-05-14,In Progress,High,112,,0,
IND-CMP-0071,My certificate application has remained pending for 51 days without a clear update.,Certificates,Revenue Department,Andhra Pradesh,Visakhapatnam,2024-07-27,Pending,Medium,51,,0,
IND-CMP-0072,My welfare scheme application has remained pending for 113 days.,Welfare Scheme,Social Welfare Department,Rajasthan,Lucknow,2025-04-09,Resolved,High,0,2025-07-30,0,4
IND-CMP-0073,Street electricity infrastructure in our area has not been functioning properly for 120 days.,Electricity,Electricity Department,Kerala,Kolkata,2026-03-04,In Progress,High,120,,0,
IND-CMP-0074,There has been no regular water supply in our area for 94 days.,Water Supply,Water Supply Department,Maharashtra,Ahmedabad,2024-10-13,Pending,High,94,,0,
IND-CMP-0075,There has been no regular water supply in our area for 104 days.,Water Supply,Water Supply Department,Uttar Pradesh,Bengaluru,2024-10-09,Resolved,High,0,2024-10-18,0,1
IND-CMP-0076,My certificate application has remained pending for 55 days without a clear update.,Certificates,Revenue Department,Telangana,Ahmedabad,2025-08-19,In Progress,Medium,55,,0,
IND-CMP-0077,Drinking water supply is irregular and residents are facing difficulty for 35 days.,Water Supply,Water Supply Department,Bihar,Jaipur,2026-01-07,In Progress,Medium,35,,0,
IND-CMP-0078,Street electricity infrastructure in our area has not been functioning properly for 31 days.,Electricity,Electricity Department,Gujarat,Ahmedabad,2025-03-01,Resolved,Medium,0,2025-03-07,0,5
IND-CMP-0079,The public area has not been cleaned regularly and sanitation conditions are poor.,Sanitation,Municipal Sanitation Department,Tamil Nadu,Jaipur,2025-09-21,Escalated,High,112,,1,
IND-CMP-0080,There has been no regular water supply in our area for 64 days.,Water Supply,Water Supply Department,Rajasthan,Bengaluru,2025-11-01,Pending,Medium,64,,0,
IND-CMP-0081,There has been a delay in processing my requested government certificate.,Certificates,Revenue Department,Rajasthan,Chennai,2026-03-11,In Progress,Medium,57,,0,
IND-CMP-0082,The benefit related to my welfare application has not been processed within the expected time.,Welfare Scheme,Social Welfare Department,Kerala,Kochi,2024-07-13,In Progress,Low,8,,0,
IND-CMP-0083,Street electricity infrastructure in our area has not been functioning properly for 55 days.,Electricity,Electricity Department,Madhya Pradesh,Ahmedabad,2025-08-08,Pending,Medium,55,,0,
IND-CMP-0084,Garbage collection has been irregular for 113 days and waste is accumulating.,Sanitation,Municipal Sanitation Department,Telangana,Bhopal,2026-01-28,Pending,High,113,,0,
IND-CMP-0085,The road surface is badly damaged and needs urgent maintenance.,Road Damage,Public Works Department,Uttar Pradesh,Bengaluru,2024-11-05,Resolved,High,0,2025-01-21,0,4
IND-CMP-0086,The scheduled public transport service has been unreliable for 73 days.,Public Transport,Transport Department,Karnataka,Mumbai,2025-06-27,Resolved,Medium,0,2025-08-05,0,3
IND-CMP-0087,Repeated power-related service interruptions have affected residents for 17 days.,Electricity,Electricity Department,West Bengal,Patna,2024-04-01,In Progress,Low,17,,0,
IND-CMP-0088,Public transport service is irregular and commuters are facing repeated delays.,Public Transport,Transport Department,Andhra Pradesh,Jaipur,2026-05-17,In Progress,Medium,45,,0,
IND-CMP-0089,There has been no regular water supply in our area for 30 days.,Water Supply,Water Supply Department,Karnataka,Patna,2024-07-13,Resolved,Medium,0,2024-07-15,0,1
IND-CMP-0090,Street lights in the locality have not been working for 79 days.,Street Lighting,Municipal Engineering Department,Kerala,Ahmedabad,2024-11-26,Resolved,High,0,2025-01-14,0,1
IND-CMP-0091,Garbage collection has been irregular for 92 days and waste is accumulating.,Sanitation,Municipal Sanitation Department,Andhra Pradesh,Visakhapatnam,2024-08-28,Resolved,High,0,2024-09-03,0,5
IND-CMP-0092,Repeated power-related service interruptions have affected residents for 44 days.,Electricity,Electricity Department,Kerala,Chennai,2024-10-13,In Progress,Medium,44,,0,
IND-CMP-0093,Garbage collection has been irregular for 34 days and waste is accumulating.,Sanitation,Municipal Sanitation Department,West Bengal,Bengaluru,2024-08-02,Escalated,Medium,34,,1,
IND-CMP-0094,Street electricity infrastructure in our area has not been functioning properly for 82 days.,Electricity,Electricity Department,Andhra Pradesh,Chennai,2025-08-24,Resolved,High,0,2025-09-13,0,4
IND-CMP-0095,Basic public health services have not been available as expected for 32 days.,Public Health,Public Health Department,Gujarat,Chennai,2025-01-15,In Progress,High,32,,0,
IND-CMP-0096,The scheduled public transport service has been unreliable for 80 days.,Public Transport,Transport Department,Bihar,Chennai,2025-11-13,In Progress,High,80,,0,
IND-CMP-0097,There has been no regular water supply in our area for 104 days.,Water Supply,Water Supply Department,Uttar Pradesh,Patna,2025-05-13,Pending,High,104,,0,
IND-CMP-0098,Drinking water supply is irregular and residents are facing difficulty for 34 days.,Water Supply,Water Supply Department,West Bengal,Patna,2025-01-29,In Progress,Medium,34,,0,
IND-CMP-0099,My welfare scheme application has remained pending for 19 days.,Welfare Scheme,Social Welfare Department,Uttar Pradesh,Chennai,2024-08-04,In Progress,Low,19,,0,
IND-CMP-0100,Several public street lights are not functioning and require maintenance.,Street Lighting,Municipal Engineering Department,Andhra Pradesh,Mumbai,2025-12-04,Pending,Medium,58,,0,
IND-CMP-0101,Garbage collection has been irregular for 32 days and waste is accumulating.,Sanitation,Municipal Sanitation Department,Telangana,Jaipur,2024-11-24,Resolved,Medium,0,2024-11-26,0,1
IND-CMP-0102,Drinking water supply is irregular and residents are facing difficulty for 66 days.,Water Supply,Water Supply Department,Bihar,Lucknow,2026-05-18,In Progress,Medium,66,,0,
IND-CMP-0103,The scheduled public transport service has been unreliable for 70 days.,Public Transport,Transport Department,Kerala,Jaipur,2024-01-28,Pending,Medium,70,,0,
IND-CMP-0104,Street lights in the locality have not been working for 69 days.,Street Lighting,Municipal Engineering Department,Madhya Pradesh,Patna,2024-04-18,Pending,Medium,69,,0,
IND-CMP-0105,The public area has not been cleaned regularly and sanitation conditions are poor.,Sanitation,Municipal Sanitation Department,Gujarat,Jaipur,2025-02-23,Pending,High,84,,0,
IND-CMP-0106,Street electricity infrastructure in our area has not been functioning properly for 44 days.,Electricity,Electricity Department,West Bengal,Chennai,2024-07-06,In Progress,High,44,,0,
IND-CMP-0107,Basic public health services have not been available as expected for 55 days.,Public Health,Public Health Department,Karnataka,Visakhapatnam,2025-05-25,Pending,Medium,55,,0,
IND-CMP-0108,There has been a delay in processing my requested government certificate.,Certificates,Revenue Department,Rajasthan,Hyderabad,2026-04-22,Resolved,Low,0,2026-04-25,0,1
IND-CMP-0109,There has been a delay in processing my requested government certificate.,Certificates,Revenue Department,Bihar,Jaipur,2026-02-06,Resolved,High,0,2026-03-09,0,1
IND-CMP-0110,The drainage system needs cleaning because wastewater is not flowing properly.,Drainage,Municipal Engineering Department,Kerala,Kochi,2025-12-31,In Progress,High,37,,0,
IND-CMP-0111,Several public street lights are not functioning and require maintenance.,Street Lighting,Municipal Engineering Department,Tamil Nadu,Jaipur,2025-10-08,Pending,Medium,58,,0,
IND-CMP-0112,The road surface is badly damaged and needs urgent maintenance.,Road Damage,Public Works Department,Bihar,Hyderabad,2025-10-08,Resolved,Low,0,2025-10-13,0,5
IND-CMP-0113,There has been a delay in processing my requested government certificate.,Certificates,Revenue Department,Kerala,Patna,2026-05-31,Pending,Low,17,,0,
IND-CMP-0114,The scheduled public transport service has been unreliable for 87 days.,Public Transport,Transport Department,West Bengal,Jaipur,2024-09-04,Pending,High,87,,0,
IND-CMP-0115,Repeated power-related service interruptions have affected residents for 97 days.,Electricity,Electricity Department,Gujarat,Jaipur,2025-07-19,Resolved,High,0,2025-09-24,0,1
IND-CMP-0116,My certificate application has remained pending for 28 days without a clear update.,Certificates,Revenue Department,Gujarat,Visakhapatnam,2025-08-19,Resolved,Medium,0,2025-08-31,0,2
IND-CMP-0117,There has been no regular water supply in our area for 66 days.,Water Supply,Water Supply Department,Uttar Pradesh,Kolkata,2024-05-25,Resolved,Medium,0,2024-07-29,0,3
IND-CMP-0118,Garbage collection has been irregular for 1 days and waste is accumulating.,Sanitation,Municipal Sanitation Department,Bihar,Chennai,2025-02-19,In Progress,Low,1,,0,
IND-CMP-0119,My certificate application has remained pending for 90 days without a clear update.,Certificates,Revenue Department,Rajasthan,Mumbai,2025-06-03,In Progress,High,90,,0,
IND-CMP-0120,Repeated power-related service interruptions have affected residents for 62 days.,Electricity,Electricity Department,Bihar,Chennai,2025-07-31,Pending,Medium,62,,0,
IND-CMP-0121,Street electricity infrastructure in our area has not been functioning properly for 49 days.,Electricity,Electricity Department,Telangana,Patna,2026-03-25,Pending,High,49,,0,
IND-CMP-0122,Drinking water supply is irregular and residents are facing difficulty for 103 days.,Water Supply,Water Supply Department,West Bengal,Jaipur,2024-09-16,In Progress,High,103,,0,
IND-CMP-0123,Street electricity infrastructure in our area has not been functioning properly for 120 days.,Electricity,Electricity Department,Madhya Pradesh,Bhopal,2024-11-16,Resolved,High,0,2025-02-11,0,4
IND-CMP-0124,There has been no regular water supply in our area for 3 days.,Water Supply,Water Supply Department,Kerala,Chennai,2024-07-04,Pending,Low,3,,0,
IND-CMP-0125,The public area has not been cleaned regularly and sanitation conditions are poor.,Sanitation,Municipal Sanitation Department,Andhra Pradesh,Bhopal,2025-10-31,Resolved,High,0,2025-12-19,0,4
IND-CMP-0126,The public area has not been cleaned regularly and sanitation conditions are poor.,Sanitation,Municipal Sanitation Department,Bihar,Mumbai,2025-11-24,Pending,High,79,,0,
IND-CMP-0127,The benefit related to my welfare application has not been processed within the expected time.,Welfare Scheme,Social Welfare Department,Gujarat,Bhopal,2024-03-11,In Progress,Medium,64,,0,
IND-CMP-0128,A damaged road with potholes near the residential area has not been repaired for 49 days.,Road Damage,Public Works Department,Gujarat,Jaipur,2024-07-09,Resolved,Medium,0,2024-08-21,0,5
IND-CMP-0129,The road surface is badly damaged and needs urgent maintenance.,Road Damage,Public Works Department,Kerala,Bengaluru,2026-03-02,In Progress,Low,25,,0,
IND-CMP-0130,Repeated power-related service interruptions have affected residents for 40 days.,Electricity,Electricity Department,Uttar Pradesh,Jaipur,2024-07-04,Pending,Medium,40,,0,
IND-CMP-0131,The local public health facility is facing a service delay and residents need assistance.,Public Health,Public Health Department,Maharashtra,Lucknow,2024-08-24,Escalated,Medium,29,,1,
IND-CMP-0132,Street electricity infrastructure in our area has not been functioning properly for 84 days.,Electricity,Electricity Department,Uttar Pradesh,Lucknow,2024-01-19,Escalated,High,84,,1,
IND-CMP-0133,The public area has not been cleaned regularly and sanitation conditions are poor.,Sanitation,Municipal Sanitation Department,Uttar Pradesh,Visakhapatnam,2024-08-31,Pending,Medium,44,,0,
IND-CMP-0134,Street electricity infrastructure in our area has not been functioning properly for 48 days.,Electricity,Electricity Department,Rajasthan,Jaipur,2026-04-07,In Progress,Medium,48,,0,
IND-CMP-0135,The local public health facility is facing a service delay and residents need assistance.,Public Health,Public Health Department,Telangana,Bhopal,2024-06-08,In Progress,High,95,,0,
IND-CMP-0136,There has been no regular water supply in our area for 75 days.,Water Supply,Water Supply Department,Uttar Pradesh,Bengaluru,2025-03-19,Pending,Medium,75,,0,
IND-CMP-0137,Drainage blockage is causing water accumulation in the locality for 15 days.,Drainage,Municipal Engineering Department,Rajasthan,Kochi,2025-07-27,Pending,Low,15,,0,
IND-CMP-0138,My certificate application has remained pending for 108 days without a clear update.,Certificates,Revenue Department,Telangana,Kochi,2025-01-13,In Progress,High,108,,0,
IND-CMP-0139,There has been a delay in processing my requested government certificate.,Certificates,Revenue Department,Telangana,Ahmedabad,2024-10-06,Resolved,Medium,0,2024-11-01,0,3
IND-CMP-0140,Several public street lights are not functioning and require maintenance.,Street Lighting,Municipal Engineering Department,Maharashtra,Lucknow,2026-05-28,Resolved,Low,0,2026-05-30,0,3
IND-CMP-0141,A damaged road with potholes near the residential area has not been repaired for 38 days.,Road Damage,Public Works Department,West Bengal,Bhopal,2026-03-09,Pending,Medium,38,,0,
IND-CMP-0142,Street lights in the locality have not been working for 78 days.,Street Lighting,Municipal Engineering Department,Madhya Pradesh,Bengaluru,2024-01-14,Resolved,High,0,2024-01-17,0,2
IND-CMP-0143,My welfare scheme application has remained pending for 99 days.,Welfare Scheme,Social Welfare Department,Maharashtra,Hyderabad,2026-02-17,Resolved,High,0,2026-04-13,0,3
IND-CMP-0144,Drinking water supply is irregular and residents are facing difficulty for 78 days.,Water Supply,Water Supply Department,Telangana,Mumbai,2025-03-14,Resolved,High,0,2025-04-23,0,2
IND-CMP-0145,My welfare scheme application has remained pending for 59 days.,Welfare Scheme,Social Welfare Department,Tamil Nadu,Chennai,2024-09-22,Pending,Medium,59,,0,
IND-CMP-0146,Garbage collection has been irregular for 90 days and waste is accumulating.,Sanitation,Municipal Sanitation Department,Gujarat,Ahmedabad,2025-09-02,Resolved,High,0,2025-11-06,0,2
IND-CMP-0147,Several public street lights are not functioning and require maintenance.,Street Lighting,Municipal Engineering Department,Tamil Nadu,Kolkata,2025-01-26,Resolved,Medium,0,2025-02-24,0,4
IND-CMP-0148,My certificate application has remained pending for 2 days without a clear update.,Certificates,Revenue Department,Kerala,Chennai,2026-05-01,In Progress,Low,2,,0,
IND-CMP-0149,The drainage system needs cleaning because wastewater is not flowing properly.,Drainage,Municipal Engineering Department,Tamil Nadu,Kolkata,2026-06-13,Pending,High,104,,0,
IND-CMP-0150,The public area has not been cleaned regularly and sanitation conditions are poor.,Sanitation,Municipal Sanitation Department,Rajasthan,Bengaluru,2024-05-04,Pending,Medium,66,,0,
IND-CMP-0151,Public transport service is irregular and commuters are facing repeated delays.,Public Transport,Transport Department,Rajasthan,Kolkata,2024-01-23,Pending,Medium,43,,0,
IND-CMP-0152,The road surface is badly damaged and needs urgent maintenance.,Road Damage,Public Works Department,Bihar,Hyderabad,2025-03-21,Resolved,Low,0,2025-03-26,0,1
IND-CMP-0153,There has been a delay in processing my requested government certificate.,Certificates,Revenue Department,Karnataka,Visakhapatnam,2024-04-15,Escalated,High,101,,1,
IND-CMP-0154,My welfare scheme application has remained pending for 28 days.,Welfare Scheme,Social Welfare Department,Rajasthan,Chennai,2024-07-30,In Progress,Medium,28,,0,
IND-CMP-0155,Garbage collection has been irregular for 62 days and waste is accumulating.,Sanitation,Municipal Sanitation Department,Madhya Pradesh,Hyderabad,2026-06-11,Resolved,Medium,0,2026-06-13,0,1
IND-CMP-0156,The drainage system needs cleaning because wastewater is not flowing properly.,Drainage,Municipal Engineering Department,Madhya Pradesh,Mumbai,2024-04-09,Resolved,Medium,0,2024-04-18,0,4
IND-CMP-0157,The road surface is badly damaged and needs urgent maintenance.,Road Damage,Public Works Department,Tamil Nadu,Jaipur,2025-10-27,Pending,High,107,,0,
IND-CMP-0158,Repeated power-related service interruptions have affected residents for 6 days.,Electricity,Electricity Department,Karnataka,Chennai,2024-11-15,Resolved,Low,0,2024-11-18,0,5
IND-CMP-0159,My welfare scheme application has remained pending for 49 days.,Welfare Scheme,Social Welfare Department,Gujarat,Kochi,2025-05-17,Escalated,Medium,49,,1,
IND-CMP-0160,The benefit related to my welfare application has not been processed within the expected time.,Welfare Scheme,Social Welfare Department,Rajasthan,Mumbai,2026-06-07,In Progress,Low,8,,0,
IND-CMP-0161,Street electricity infrastructure in our area has not been functioning properly for 103 days.,Electricity,Electricity Department,West Bengal,Hyderabad,2025-03-31,Pending,High,103,,0,
IND-CMP-0162,The benefit related to my welfare application has not been processed within the expected time.,Welfare Scheme,Social Welfare Department,Bihar,Lucknow,2025-12-07,In Progress,Medium,53,,0,
IND-CMP-0163,There has been no regular water supply in our area for 36 days.,Water Supply,Water Supply Department,Tamil Nadu,Hyderabad,2025-08-02,Pending,Medium,36,,0,
IND-CMP-0164,Several public street lights are not functioning and require maintenance.,Street Lighting,Municipal Engineering Department,West Bengal,Lucknow,2024-06-29,Resolved,High,0,2024-09-14,0,3
IND-CMP-0165,Street lights in the locality have not been working for 25 days.,Street Lighting,Municipal Engineering Department,Gujarat,Bhopal,2024-01-15,Pending,Low,25,,0,
IND-CMP-0166,Basic public health services have not been available as expected for 107 days.,Public Health,Public Health Department,West Bengal,Kochi,2026-02-27,Resolved,High,0,2026-03-09,0,1
IND-CMP-0167,The benefit related to my welfare application has not been processed within the expected time.,Welfare Scheme,Social Welfare Department,Uttar Pradesh,Bengaluru,2026-04-23,Resolved,Low,0,2026-04-27,0,5
IND-CMP-0168,Street electricity infrastructure in our area has not been functioning properly for 93 days.,Electricity,Electricity Department,Telangana,Hyderabad,2025-10-25,Resolved,High,0,2025-12-17,0,3
IND-CMP-0169,Drainage blockage is causing water accumulation in the locality for 17 days.,Drainage,Municipal Engineering Department,Uttar Pradesh,Mumbai,2024-01-10,In Progress,High,17,,0,
IND-CMP-0170,Repeated power-related service interruptions have affected residents for 113 days.,Electricity,Electricity Department,Bihar,Chennai,2024-10-24,Resolved,High,0,2024-12-11,0,4
IND-CMP-0171,There has been no regular water supply in our area for 108 days.,Water Supply,Water Supply Department,Kerala,Jaipur,2024-06-02,In Progress,High,108,,0,
IND-CMP-0172,Drinking water supply is irregular and residents are facing difficulty for 54 days.,Water Supply,Water Supply Department,Tamil Nadu,Chennai,2024-04-14,Resolved,Medium,0,2024-05-22,0,4
IND-CMP-0173,The benefit related to my welfare application has not been processed within the expected time.,Welfare Scheme,Social Welfare Department,Gujarat,Mumbai,2026-03-10,In Progress,Low,17,,0,
IND-CMP-0174,My welfare scheme application has remained pending for 118 days.,Welfare Scheme,Social Welfare Department,West Bengal,Bengaluru,2026-03-02,Pending,High,118,,0,
IND-CMP-0175,There has been no regular water supply in our area for 97 days.,Water Supply,Water Supply Department,Kerala,Bengaluru,2025-10-29,In Progress,High,97,,0,
IND-CMP-0176,The road surface is badly damaged and needs urgent maintenance.,Road Damage,Public Works Department,Rajasthan,Mumbai,2026-06-04,Resolved,Medium,0,2026-06-15,0,3
IND-CMP-0177,Garbage collection has been irregular for 85 days and waste is accumulating.,Sanitation,Municipal Sanitation Department,Maharashtra,Hyderabad,2025-11-28,Resolved,High,0,2025-12-26,0,3
IND-CMP-0178,Garbage collection has been irregular for 58 days and waste is accumulating.,Sanitation,Municipal Sanitation Department,Rajasthan,Hyderabad,2024-11-13,Escalated,Medium,58,,1,
IND-CMP-0179,Basic public health services have not been available as expected for 40 days.,Public Health,Public Health Department,Bihar,Jaipur,2026-03-30,In Progress,Medium,40,,0,
IND-CMP-0180,The road surface is badly damaged and needs urgent maintenance.,Road Damage,Public Works Department,Kerala,Bengaluru,2025-11-02,Resolved,Low,0,2025-11-17,0,3
IND-CMP-0181,Garbage collection has been irregular for 8 days and waste is accumulating.,Sanitation,Municipal Sanitation Department,Karnataka,Kolkata,2024-04-10,Resolved,Low,0,2024-04-13,0,1
IND-CMP-0182,Drinking water supply is irregular and residents are facing difficulty for 28 days.,Water Supply,Water Supply Department,Karnataka,Bengaluru,2025-04-04,Pending,Medium,28,,0,
IND-CMP-0183,There has been a delay in processing my requested government certificate.,Certificates,Revenue Department,Maharashtra,Jaipur,2025-09-28,Resolved,Medium,0,2025-12-04,0,4
IND-CMP-0184,My welfare scheme application has remained pending for 57 days.,Welfare Scheme,Social Welfare Department,Uttar Pradesh,Mumbai,2024-10-29,In Progress,Medium,57,,0,
IND-CMP-0185,Street lights in the locality have not been working for 105 days.,Street Lighting,Municipal Engineering Department,Telangana,Hyderabad,2024-01-09,Resolved,High,0,2024-03-26,0,3
IND-CMP-0186,The scheduled public transport service has been unreliable for 60 days.,Public Transport,Transport Department,Kerala,Visakhapatnam,2024-06-19,Resolved,Medium,0,2024-07-07,0,2
IND-CMP-0187,There has been a delay in processing my requested government certificate.,Certificates,Revenue Department,West Bengal,Hyderabad,2025-05-24,In Progress,Low,5,,0,
IND-CMP-0188,There has been no regular water supply in our area for 69 days.,Water Supply,Water Supply Department,Bihar,Chennai,2024-12-18,Escalated,Medium,69,,1,
IND-CMP-0189,The scheduled public transport service has been unreliable for 109 days.,Public Transport,Transport Department,Uttar Pradesh,Kolkata,2025-02-17,Resolved,High,0,2025-02-25,0,1
IND-CMP-0190,Garbage collection has been irregular for 45 days and waste is accumulating.,Sanitation,Municipal Sanitation Department,Telangana,Jaipur,2024-06-13,Escalated,Medium,45,,1,
IND-CMP-0191,Street lights in the locality have not been working for 104 days.,Street Lighting,Municipal Engineering Department,Maharashtra,Mumbai,2026-01-27,Resolved,High,0,2026-05-08,0,3
IND-CMP-0192,The benefit related to my welfare application has not been processed within the expected time.,Welfare Scheme,Social Welfare Department,Bihar,Ahmedabad,2026-03-07,Resolved,Medium,0,2026-04-14,0,5
IND-CMP-0193,My welfare scheme application has remained pending for 24 days.,Welfare Scheme,Social Welfare Department,Andhra Pradesh,Hyderabad,2024-06-22,Escalated,Low,24,,1,
IND-CMP-0194,My welfare scheme application has remained pending for 7 days.,Welfare Scheme,Social Welfare Department,Madhya Pradesh,Kolkata,2024-12-25,In Progress,Low,7,,0,
IND-CMP-0195,Drainage blockage is causing water accumulation in the locality for 95 days.,Drainage,Municipal Engineering Department,Karnataka,Bengaluru,2025-04-18,In Progress,High,95,,0,
IND-CMP-0196,Several public street lights are not functioning and require maintenance.,Street Lighting,Municipal Engineering Department,Bihar,Jaipur,2024-03-17,Resolved,Low,0,2024-03-23,0,5
IND-CMP-0197,The drainage system needs cleaning because wastewater is not flowing properly.,Drainage,Municipal Engineering Department,Gujarat,Bhopal,2026-01-14,Pending,High,89,,0,
IND-CMP-0198,Drainage blockage is causing water accumulation in the locality for 116 days.,Drainage,Municipal Engineering Department,Maharashtra,Kochi,2025-09-27,Escalated,High,116,,1,
IND-CMP-0199,The drainage system needs cleaning because wastewater is not flowing properly.,Drainage,Municipal Engineering Department,Rajasthan,Chennai,2025-11-03,Resolved,High,0,2025-11-13,0,3
IND-CMP-0200,There has been a delay in processing my requested government certificate.,Certificates,Revenue Department,Maharashtra,Patna,2026-03-14,Pending,Low,21,,0,
IND-CMP-0201,The road surface is badly damaged and needs urgent maintenance.,Road Damage,Public Works Department,Telangana,Kolkata,2026-01-04,Pending,Medium,48,,0,
IND-CMP-0202,There has been a delay in processing my requested government certificate.,Certificates,Revenue Department,Tamil Nadu,Mumbai,2024-10-05,Resolved,Medium,0,2024-11-14,0,5
IND-CMP-0203,A damaged road with potholes near the residential area has not been repaired for 38 days.,Road Damage,Public Works Department,Madhya Pradesh,Visakhapatnam,2024-12-24,Pending,Medium,38,,0,
IND-CMP-0204,My certificate application has remained pending for 67 days without a clear update.,Certificates,Revenue Department,Madhya Pradesh,Mumbai,2025-09-06,In Progress,Medium,67,,0,
IND-CMP-0205,Repeated power-related service interruptions have affected residents for 61 days.,Electricity,Electricity Department,Uttar Pradesh,Hyderabad,2025-10-02,Pending,Medium,61,,0,
IND-CMP-0206,The local public health facility is facing a service delay and residents need assistance.,Public Health,Public Health Department,Kerala,Bhopal,2026-01-14,Pending,High,102,,0,
IND-CMP-0207,The scheduled public transport service has been unreliable for 102 days.,Public Transport,Transport Department,Madhya Pradesh,Hyderabad,2026-05-14,Resolved,High,0,2026-08-18,0,5
IND-CMP-0208,There has been no regular water supply in our area for 47 days.,Water Supply,Water Supply Department,Tamil Nadu,Ahmedabad,2026-03-21,Pending,Medium,47,,0,
IND-CMP-0209,My certificate application has remained pending for 53 days without a clear update.,Certificates,Revenue Department,Uttar Pradesh,Hyderabad,2026-03-28,Resolved,Medium,0,2026-05-10,0,1
IND-CMP-0210,My certificate application has remained pending for 16 days without a clear update.,Certificates,Revenue Department,Madhya Pradesh,Chennai,2025-08-06,Resolved,Low,0,2025-08-10,0,4
IND-CMP-0211,The public area has not been cleaned regularly and sanitation conditions are poor.,Sanitation,Municipal Sanitation Department,Madhya Pradesh,Chennai,2025-04-20,Resolved,High,0,2025-07-03,0,3
IND-CMP-0212,Several public street lights are not functioning and require maintenance.,Street Lighting,Municipal Engineering Department,Bihar,Patna,2024-06-30,Resolved,Medium,0,2024-08-10,0,1
IND-CMP-0213,The scheduled public transport service has been unreliable for 75 days.,Public Transport,Transport Department,Kerala,Hyderabad,2025-12-05,In Progress,Medium,75,,0,
IND-CMP-0214,The drainage system needs cleaning because wastewater is not flowing properly.,Drainage,Municipal Engineering Department,Bihar,Lucknow,2024-05-14,Pending,High,93,,0,
IND-CMP-0215,The scheduled public transport service has been unreliable for 18 days.,Public Transport,Transport Department,Bihar,Kolkata,2024-03-10,In Progress,Low,18,,0,
IND-CMP-0216,Several public street lights are not functioning and require maintenance.,Street Lighting,Municipal Engineering Department,Uttar Pradesh,Chennai,2025-01-06,Resolved,High,0,2025-02-15,0,1
IND-CMP-0217,Repeated power-related service interruptions have affected residents for 29 days.,Electricity,Electricity Department,Karnataka,Jaipur,2025-08-17,Pending,High,29,,0,
IND-CMP-0218,Drinking water supply is irregular and residents are facing difficulty for 42 days.,Water Supply,Water Supply Department,Andhra Pradesh,Kolkata,2025-02-24,In Progress,Medium,42,,0,
IND-CMP-0219,The local public health facility is facing a service delay and residents need assistance.,Public Health,Public Health Department,Bihar,Patna,2024-09-14,In Progress,Medium,41,,0,
IND-CMP-0220,Basic public health services have not been available as expected for 67 days.,Public Health,Public Health Department,West Bengal,Lucknow,2025-08-14,Resolved,High,0,2025-09-05,0,4
IND-CMP-0221,The scheduled public transport service has been unreliable for 101 days.,Public Transport,Transport Department,Andhra Pradesh,Bengaluru,2025-12-05,Resolved,High,0,2026-01-14,0,5
IND-CMP-0222,Basic public health services have not been available as expected for 69 days.,Public Health,Public Health Department,Kerala,Ahmedabad,2024-12-08,Resolved,Medium,0,2025-01-07,0,1
IND-CMP-0223,Repeated power-related service interruptions have affected residents for 37 days.,Electricity,Electricity Department,Madhya Pradesh,Jaipur,2026-06-13,Resolved,High,0,2026-07-16,0,2
IND-CMP-0224,There has been a delay in processing my requested government certificate.,Certificates,Revenue Department,Andhra Pradesh,Kolkata,2024-03-25,Resolved,Medium,0,2024-05-01,0,5
IND-CMP-0225,The public area has not been cleaned regularly and sanitation conditions are poor.,Sanitation,Municipal Sanitation Department,Madhya Pradesh,Jaipur,2025-03-13,Resolved,Medium,0,2025-03-25,0,5
IND-CMP-0226,There has been a delay in processing my requested government certificate.,Certificates,Revenue Department,Kerala,Visakhapatnam,2024-05-10,In Progress,High,111,,0,
IND-CMP-0227,Street lights in the locality have not been working for 30 days.,Street Lighting,Municipal Engineering Department,Uttar Pradesh,Patna,2026-03-13,Pending,Medium,30,,0,
IND-CMP-0228,Basic public health services have not been available as expected for 27 days.,Public Health,Public Health Department,Telangana,Visakhapatnam,2024-11-19,Resolved,High,0,2024-12-12,0,4
IND-CMP-0229,Street electricity infrastructure in our area has not been functioning properly for 23 days.,Electricity,Electricity Department,Gujarat,Bhopal,2024-01-28,Pending,Low,23,,0,
IND-CMP-0230,Garbage collection has been irregular for 116 days and waste is accumulating.,Sanitation,Municipal Sanitation Department,Uttar Pradesh,Kolkata,2025-03-02,Resolved,High,0,2025-03-17,0,1
IND-CMP-0231,Garbage collection has been irregular for 23 days and waste is accumulating.,Sanitation,Municipal Sanitation Department,Tamil Nadu,Bengaluru,2025-01-25,Pending,Low,23,,0,
IND-CMP-0232,The benefit related to my welfare application has not been processed within the expected time.,Welfare Scheme,Social Welfare Department,Bihar,Ahmedabad,2024-10-01,Pending,Medium,54,,0,
IND-CMP-0233,The benefit related to my welfare application has not been processed within the expected time.,Welfare Scheme,Social Welfare Department,Telangana,Bengaluru,2024-08-11,Pending,Medium,75,,0,
IND-CMP-0234,The local public health facility is facing a service delay and residents need assistance.,Public Health,Public Health Department,West Bengal,Kolkata,2026-04-17,In Progress,Medium,31,,0,
IND-CMP-0235,The road surface is badly damaged and needs urgent maintenance.,Road Damage,Public Works Department,Maharashtra,Kochi,2024-05-18,Pending,Medium,69,,0,
IND-CMP-0236,Garbage collection has been irregular for 70 days and waste is accumulating.,Sanitation,Municipal Sanitation Department,West Bengal,Patna,2025-11-12,In Progress,Medium,70,,0,
IND-CMP-0237,Drinking water supply is irregular and residents are facing difficulty for 6 days.,Water Supply,Water Supply Department,Maharashtra,Bhopal,2024-11-28,In Progress,Low,6,,0,
IND-CMP-0238,Repeated power-related service interruptions have affected residents for 34 days.,Electricity,Electricity Department,Telangana,Kolkata,2025-06-22,Resolved,Medium,0,2025-06-25,0,4
IND-CMP-0239,There has been a delay in processing my requested government certificate.,Certificates,Revenue Department,Andhra Pradesh,Kochi,2025-09-05,In Progress,Medium,38,,0,
IND-CMP-0240,There has been no regular water supply in our area for 17 days.,Water Supply,Water Supply Department,Telangana,Lucknow,2024-09-12,Escalated,Low,17,,1,
IND-CMP-0241,The scheduled public transport service has been unreliable for 47 days.,Public Transport,Transport Department,Rajasthan,Lucknow,2026-01-17,Pending,Medium,47,,0,
IND-CMP-0242,The road surface is badly damaged and needs urgent maintenance.,Road Damage,Public Works Department,Uttar Pradesh,Visakhapatnam,2025-07-10,Resolved,Medium,0,2025-08-27,0,4
IND-CMP-0243,Drinking water supply is irregular and residents are facing difficulty for 106 days.,Water Supply,Water Supply Department,Madhya Pradesh,Bengaluru,2024-07-15,In Progress,High,106,,0,
IND-CMP-0244,Basic public health services have not been available as expected for 77 days.,Public Health,Public Health Department,Telangana,Patna,2024-08-16,Resolved,High,0,2024-10-26,0,1
IND-CMP-0245,There has been a delay in processing my requested government certificate.,Certificates,Revenue Department,Karnataka,Lucknow,2024-02-19,Resolved,Medium,0,2024-03-15,0,4
IND-CMP-0246,There has been a delay in processing my requested government certificate.,Certificates,Revenue Department,Uttar Pradesh,Bhopal,2024-10-11,In Progress,Medium,29,,0,
IND-CMP-0247,A damaged road with potholes near the residential area has not been repaired for 82 days.,Road Damage,Public Works Department,Kerala,Hyderabad,2025-10-10,In Progress,High,82,,0,
IND-CMP-0248,Drainage blockage is causing water accumulation in the locality for 78 days.,Drainage,Municipal Engineering Department,Rajasthan,Mumbai,2024-03-08,In Progress,High,78,,0,
IND-CMP-0249,The drainage system needs cleaning because wastewater is not flowing properly.,Drainage,Municipal Engineering Department,Kerala,Visakhapatnam,2024-07-11,Pending,High,104,,0,
IND-CMP-0250,Street electricity infrastructure in our area has not been functioning properly for 15 days.,Electricity,Electricity Department,Telangana,Kolkata,2026-03-26,Resolved,Low,0,2026-04-02,0,2
IND-CMP-0251,The benefit related to my welfare application has not been processed within the expected time.,Welfare Scheme,Social Welfare Department,Kerala,Mumbai,2024-01-24,Pending,Medium,46,,0,
IND-CMP-0252,A damaged road with potholes near the residential area has not been repaired for 110 days.,Road Damage,Public Works Department,West Bengal,Chennai,2025-11-16,Resolved,High,0,2026-02-26,0,3
IND-CMP-0253,Public transport service is irregular and commuters are facing repeated delays.,Public Transport,Transport Department,Kerala,Bhopal,2024-03-15,Pending,High,116,,0,
IND-CMP-0254,Public transport service is irregular and commuters are facing repeated delays.,Public Transport,Transport Department,Madhya Pradesh,Bengaluru,2025-05-28,Escalated,Medium,43,,1,
IND-CMP-0255,Drinking water supply is irregular and residents are facing difficulty for 58 days.,Water Supply,Water Supply Department,Karnataka,Visakhapatnam,2024-01-06,Resolved,Medium,0,2024-01-12,0,3
IND-CMP-0256,Drinking water supply is irregular and residents are facing difficulty for 100 days.,Water Supply,Water Supply Department,Maharashtra,Kolkata,2025-07-05,In Progress,High,100,,0,
IND-CMP-0257,Several public street lights are not functioning and require maintenance.,Street Lighting,Municipal Engineering Department,Karnataka,Lucknow,2025-12-23,Resolved,Medium,0,2026-01-24,0,2
IND-CMP-0258,The public area has not been cleaned regularly and sanitation conditions are poor.,Sanitation,Municipal Sanitation Department,West Bengal,Bhopal,2024-07-27,Pending,High,111,,0,
IND-CMP-0259,A damaged road with potholes near the residential area has not been repaired for 70 days.,Road Damage,Public Works Department,West Bengal,Ahmedabad,2024-10-24,Pending,Medium,70,,0,
IND-CMP-0260,Basic public health services have not been available as expected for 87 days.,Public Health,Public Health Department,Maharashtra,Bhopal,2024-02-23,Resolved,High,0,2024-03-10,0,5
IND-CMP-0261,A damaged road with potholes near the residential area has not been repaired for 81 days.,Road Damage,Public Works Department,Telangana,Lucknow,2025-06-25,Resolved,High,0,2025-08-23,0,1
IND-CMP-0262,The road surface is badly damaged and needs urgent maintenance.,Road Damage,Public Works Department,Karnataka,Patna,2024-03-16,In Progress,Low,7,,0,
IND-CMP-0263,Basic public health services have not been available as expected for 3 days.,Public Health,Public Health Department,Karnataka,Chennai,2026-04-18,Pending,High,3,,0,
IND-CMP-0264,The benefit related to my welfare application has not been processed within the expected time.,Welfare Scheme,Social Welfare Department,Karnataka,Bengaluru,2024-05-11,Pending,Medium,38,,0,
IND-CMP-0265,There has been a delay in processing my requested government certificate.,Certificates,Revenue Department,Bihar,Hyderabad,2025-12-07,In Progress,High,109,,0,
IND-CMP-0266,A damaged road with potholes near the residential area has not been repaired for 1 days.,Road Damage,Public Works Department,Karnataka,Kolkata,2024-09-28,Pending,Low,1,,0,
IND-CMP-0267,The scheduled public transport service has been unreliable for 79 days.,Public Transport,Transport Department,Madhya Pradesh,Kolkata,2025-01-05,In Progress,High,79,,0,
IND-CMP-0268,Drainage blockage is causing water accumulation in the locality for 27 days.,Drainage,Municipal Engineering Department,Gujarat,Kochi,2025-01-04,Resolved,Medium,0,2025-01-19,0,3
IND-CMP-0269,There has been a delay in processing my requested government certificate.,Certificates,Revenue Department,West Bengal,Jaipur,2025-12-31,Pending,Medium,74,,0,
IND-CMP-0270,A damaged road with potholes near the residential area has not been repaired for 12 days.,Road Damage,Public Works Department,Maharashtra,Visakhapatnam,2025-03-22,Resolved,Low,0,2025-04-01,0,2
IND-CMP-0271,Basic public health services have not been available as expected for 105 days.,Public Health,Public Health Department,Bihar,Jaipur,2024-06-24,Pending,High,105,,0,
IND-CMP-0272,A damaged road with potholes near the residential area has not been repaired for 92 days.,Road Damage,Public Works Department,West Bengal,Lucknow,2024-07-16,Pending,High,92,,0,
IND-CMP-0273,My certificate application has remained pending for 120 days without a clear update.,Certificates,Revenue Department,Gujarat,Bhopal,2025-07-02,Resolved,High,0,2025-07-07,0,4
IND-CMP-0274,Repeated power-related service interruptions have affected residents for 42 days.,Electricity,Electricity Department,Telangana,Lucknow,2026-05-16,Resolved,High,0,2026-06-22,0,2
IND-CMP-0275,Drinking water supply is irregular and residents are facing difficulty for 40 days.,Water Supply,Water Supply Department,Andhra Pradesh,Jaipur,2025-08-18,Escalated,Medium,40,,1,
IND-CMP-0276,Drainage blockage is causing water accumulation in the locality for 40 days.,Drainage,Municipal Engineering Department,Rajasthan,Kolkata,2024-10-24,Resolved,High,0,2024-11-15,0,5
IND-CMP-0277,There has been a delay in processing my requested government certificate.,Certificates,Revenue Department,Madhya Pradesh,Ahmedabad,2025-10-20,Escalated,High,120,,1,
IND-CMP-0278,A damaged road with potholes near the residential area has not been repaired for 72 days.,Road Damage,Public Works Department,Rajasthan,Mumbai,2024-07-19,Pending,Medium,72,,0,
IND-CMP-0279,Several public street lights are not functioning and require maintenance.,Street Lighting,Municipal Engineering Department,Karnataka,Ahmedabad,2024-03-26,In Progress,High,105,,0,
IND-CMP-0280,Several public street lights are not functioning and require maintenance.,Street Lighting,Municipal Engineering Department,West Bengal,Patna,2026-01-28,Resolved,High,0,2026-03-09,0,3
IND-CMP-0281,My welfare scheme application has remained pending for 98 days.,Welfare Scheme,Social Welfare Department,West Bengal,Ahmedabad,2026-04-16,Resolved,High,0,2026-04-20,0,3
IND-CMP-0282,The benefit related to my welfare application has not been processed within the expected time.,Welfare Scheme,Social Welfare Department,Kerala,Mumbai,2024-07-26,Resolved,Medium,0,2024-09-08,0,1
IND-CMP-0283,The public area has not been cleaned regularly and sanitation conditions are poor.,Sanitation,Municipal Sanitation Department,Uttar Pradesh,Hyderabad,2025-01-11,Pending,Medium,41,,0,
IND-CMP-0284,The local public health facility is facing a service delay and residents need assistance.,Public Health,Public Health Department,Bihar,Bhopal,2025-09-07,Pending,High,28,,0,
IND-CMP-0285,My welfare scheme application has remained pending for 19 days.,Welfare Scheme,Social Welfare Department,West Bengal,Ahmedabad,2024-12-21,Pending,Low,19,,0,
IND-CMP-0286,Street electricity infrastructure in our area has not been functioning properly for 106 days.,Electricity,Electricity Department,Telangana,Jaipur,2024-12-29,Resolved,High,0,2025-03-23,0,1
IND-CMP-0287,Street electricity infrastructure in our area has not been functioning properly for 81 days.,Electricity,Electricity Department,Andhra Pradesh,Patna,2026-02-27,Resolved,High,0,2026-05-01,0,5
IND-CMP-0288,The public area has not been cleaned regularly and sanitation conditions are poor.,Sanitation,Municipal Sanitation Department,West Bengal,Kochi,2026-01-14,Resolved,Low,0,2026-02-01,0,5
IND-CMP-0289,The public area has not been cleaned regularly and sanitation conditions are poor.,Sanitation,Municipal Sanitation Department,Maharashtra,Bengaluru,2024-08-20,In Progress,High,105,,0,
IND-CMP-0290,Basic public health services have not been available as expected for 60 days.,Public Health,Public Health Department,Karnataka,Hyderabad,2026-01-25,Resolved,High,0,2026-02-07,0,2
IND-CMP-0291,My certificate application has remained pending for 14 days without a clear update.,Certificates,Revenue Department,Bihar,Patna,2024-06-08,Pending,Low,14,,0,
IND-CMP-0292,My welfare scheme application has remained pending for 119 days.,Welfare Scheme,Social Welfare Department,Bihar,Ahmedabad,2025-03-11,In Progress,High,119,,0,
IND-CMP-0293,A damaged road with potholes near the residential area has not been repaired for 98 days.,Road Damage,Public Works Department,Rajasthan,Bengaluru,2024-03-08,Resolved,High,0,2024-03-13,0,5
IND-CMP-0294,A damaged road with potholes near the residential area has not been repaired for 116 days.,Road Damage,Public Works Department,Uttar Pradesh,Hyderabad,2024-01-12,Resolved,High,0,2024-02-10,0,3
IND-CMP-0295,The public area has not been cleaned regularly and sanitation conditions are poor.,Sanitation,Municipal Sanitation Department,Telangana,Mumbai,2026-01-24,Pending,High,78,,0,
IND-CMP-0296,My welfare scheme application has remained pending for 2 days.,Welfare Scheme,Social Welfare Department,Kerala,Bengaluru,2024-04-29,Pending,Low,2,,0,
IND-CMP-0297,My certificate application has remained pending for 3 days without a clear update.,Certificates,Revenue Department,Rajasthan,Kolkata,2025-06-21,Resolved,Low,0,2025-06-23,0,3
IND-CMP-0298,Repeated power-related service interruptions have affected residents for 25 days.,Electricity,Electricity Department,Gujarat,Kochi,2025-11-12,Resolved,Low,0,2025-12-07,0,5
IND-CMP-0299,Street electricity infrastructure in our area has not been functioning properly for 11 days.,Electricity,Electricity Department,Kerala,Visakhapatnam,2025-12-14,In Progress,Low,11,,0,
IND-CMP-0300,The public area has not been cleaned regularly and sanitation conditions are poor.,Sanitation,Municipal Sanitation Department,Bihar,Ahmedabad,2024-11-10,Resolved,Low,0,2024-11-19,0,1
IND-CMP-0301,The local public health facility is facing a service delay and residents need assistance.,Public Health,Public Health Department,Telangana,Chennai,2024-05-27,Resolved,Medium,0,2024-06-27,0,2
IND-CMP-0302,The local public health facility is facing a service delay and residents need assistance.,Public Health,Public Health Department,Maharashtra,Kolkata,2026-03-15,Resolved,High,0,2026-04-06,0,1
IND-CMP-0303,Public transport service is irregular and commuters are facing repeated delays.,Public Transport,Transport Department,Maharashtra,Bhopal,2024-09-17,Resolved,High,0,2024-10-20,0,2
IND-CMP-0304,Public transport service is irregular and commuters are facing repeated delays.,Public Transport,Transport Department,Madhya Pradesh,Hyderabad,2024-04-03,Escalated,Low,12,,1,
IND-CMP-0305,Basic public health services have not been available as expected for 70 days.,Public Health,Public Health Department,Karnataka,Chennai,2025-01-21,Resolved,Medium,0,2025-02-06,0,3
IND-CMP-0306,The public area has not been cleaned regularly and sanitation conditions are poor.,Sanitation,Municipal Sanitation Department,Maharashtra,Visakhapatnam,2025-03-20,Pending,Medium,38,,0,
IND-CMP-0307,Public transport service is irregular and commuters are facing repeated delays.,Public Transport,Transport Department,Tamil Nadu,Bhopal,2026-06-17,Pending,Low,16,,0,
IND-CMP-0308,Repeated power-related service interruptions have affected residents for 36 days.,Electricity,Electricity Department,Andhra Pradesh,Jaipur,2024-07-12,Pending,Medium,36,,0,
IND-CMP-0309,Street lights in the locality have not been working for 90 days.,Street Lighting,Municipal Engineering Department,Karnataka,Bengaluru,2026-06-07,In Progress,High,90,,0,
IND-CMP-0310,Drinking water supply is irregular and residents are facing difficulty for 84 days.,Water Supply,Water Supply Department,Bihar,Bhopal,2025-03-22,Resolved,High,0,2025-04-19,0,3
IND-CMP-0311,Drainage blockage is causing water accumulation in the locality for 110 days.,Drainage,Municipal Engineering Department,West Bengal,Bengaluru,2025-05-07,Pending,High,110,,0,
IND-CMP-0312,My certificate application has remained pending for 53 days without a clear update.,Certificates,Revenue Department,Telangana,Kolkata,2025-10-06,Resolved,Medium,0,2025-11-19,0,5
IND-CMP-0313,The benefit related to my welfare application has not been processed within the expected time.,Welfare Scheme,Social Welfare Department,Tamil Nadu,Ahmedabad,2026-04-13,Resolved,High,0,2026-04-18,0,3
IND-CMP-0314,There has been no regular water supply in our area for 31 days.,Water Supply,Water Supply Department,Maharashtra,Kolkata,2024-11-13,Escalated,Medium,31,,1,
IND-CMP-0315,The scheduled public transport service has been unreliable for 114 days.,Public Transport,Transport Department,Telangana,Bengaluru,2025-08-30,In Progress,High,114,,0,
IND-CMP-0316,The public area has not been cleaned regularly and sanitation conditions are poor.,Sanitation,Municipal Sanitation Department,Madhya Pradesh,Bengaluru,2026-04-30,Resolved,Medium,0,2026-05-22,0,5
IND-CMP-0317,Drainage blockage is causing water accumulation in the locality for 36 days.,Drainage,Municipal Engineering Department,Maharashtra,Visakhapatnam,2024-09-11,Pending,Medium,36,,0,
IND-CMP-0318,The local public health facility is facing a service delay and residents need assistance.,Public Health,Public Health Department,Kerala,Chennai,2025-10-19,Pending,Low,10,,0,
IND-CMP-0319,The local public health facility is facing a service delay and residents need assistance.,Public Health,Public Health Department,West Bengal,Jaipur,2024-05-30,Escalated,High,94,,1,
IND-CMP-0320,Street electricity infrastructure in our area has not been functioning properly for 18 days.,Electricity,Electricity Department,Andhra Pradesh,Visakhapatnam,2025-11-09,In Progress,High,18,,0,
IND-CMP-0321,Several public street lights are not functioning and require maintenance.,Street Lighting,Municipal Engineering Department,Gujarat,Kolkata,2025-05-01,Resolved,Medium,0,2025-05-27,0,1
IND-CMP-0322,There has been no regular water supply in our area for 5 days.,Water Supply,Water Supply Department,Madhya Pradesh,Chennai,2025-10-14,Resolved,Low,0,2025-10-16,0,3
IND-CMP-0323,The road surface is badly damaged and needs urgent maintenance.,Road Damage,Public Works Department,Kerala,Kochi,2025-06-04,Resolved,Medium,0,2025-06-21,0,5
IND-CMP-0324,The public area has not been cleaned regularly and sanitation conditions are poor.,Sanitation,Municipal Sanitation Department,Andhra Pradesh,Bengaluru,2025-11-23,Pending,Low,14,,0,
IND-CMP-0325,Drainage blockage is causing water accumulation in the locality for 52 days.,Drainage,Municipal Engineering Department,Telangana,Hyderabad,2024-03-23,Resolved,Medium,0,2024-04-01,0,3
IND-CMP-0326,My welfare scheme application has remained pending for 19 days.,Welfare Scheme,Social Welfare Department,Tamil Nadu,Chennai,2024-06-18,In Progress,Low,19,,0,
IND-CMP-0327,Street lights in the locality have not been working for 36 days.,Street Lighting,Municipal Engineering Department,Madhya Pradesh,Kochi,2024-11-08,Pending,Medium,36,,0,
IND-CMP-0328,Drainage blockage is causing water accumulation in the locality for 119 days.,Drainage,Municipal Engineering Department,Rajasthan,Jaipur,2025-04-03,Pending,High,119,,0,
IND-CMP-0329,There has been no regular water supply in our area for 5 days.,Water Supply,Water Supply Department,Karnataka,Kochi,2026-03-04,Escalated,Low,5,,1,
IND-CMP-0330,The local public health facility is facing a service delay and residents need assistance.,Public Health,Public Health Department,Telangana,Bhopal,2024-04-01,Pending,Low,5,,0,
IND-CMP-0331,The scheduled public transport service has been unreliable for 118 days.,Public Transport,Transport Department,Madhya Pradesh,Hyderabad,2026-01-29,In Progress,High,118,,0,
IND-CMP-0332,The benefit related to my welfare application has not been processed within the expected time.,Welfare Scheme,Social Welfare Department,West Bengal,Bhopal,2025-06-26,Escalated,Low,9,,1,
IND-CMP-0333,Several public street lights are not functioning and require maintenance.,Street Lighting,Municipal Engineering Department,Telangana,Visakhapatnam,2026-02-08,Resolved,High,0,2026-03-12,0,3
IND-CMP-0334,The road surface is badly damaged and needs urgent maintenance.,Road Damage,Public Works Department,Gujarat,Kolkata,2024-07-19,In Progress,Medium,43,,0,
IND-CMP-0335,Drinking water supply is irregular and residents are facing difficulty for 106 days.,Water Supply,Water Supply Department,Tamil Nadu,Lucknow,2025-03-28,Resolved,High,0,2025-05-18,0,3
IND-CMP-0336,My welfare scheme application has remained pending for 26 days.,Welfare Scheme,Social Welfare Department,Rajasthan,Kochi,2026-03-15,Resolved,Medium,0,2026-03-31,0,2
IND-CMP-0337,Street lights in the locality have not been working for 72 days.,Street Lighting,Municipal Engineering Department,Madhya Pradesh,Kochi,2024-07-30,Escalated,Medium,72,,1,
IND-CMP-0338,Garbage collection has been irregular for 59 days and waste is accumulating.,Sanitation,Municipal Sanitation Department,Andhra Pradesh,Hyderabad,2025-11-04,Resolved,Medium,0,2025-12-23,0,3
IND-CMP-0339,Basic public health services have not been available as expected for 86 days.,Public Health,Public Health Department,Kerala,Hyderabad,2025-03-11,Pending,High,86,,0,
IND-CMP-0340,The public area has not been cleaned regularly and sanitation conditions are poor.,Sanitation,Municipal Sanitation Department,Madhya Pradesh,Hyderabad,2025-08-30,Pending,High,105,,0,
IND-CMP-0341,The benefit related to my welfare application has not been processed within the expected time.,Welfare Scheme,Social Welfare Department,Tamil Nadu,Chennai,2025-08-27,Resolved,Low,0,2025-08-29,0,5
IND-CMP-0342,The drainage system needs cleaning because wastewater is not flowing properly.,Drainage,Municipal Engineering Department,West Bengal,Chennai,2025-10-06,Resolved,Low,0,2025-10-15,0,4
IND-CMP-0343,Street lights in the locality have not been working for 63 days.,Street Lighting,Municipal Engineering Department,Andhra Pradesh,Lucknow,2025-06-12,In Progress,Medium,63,,0,
IND-CMP-0344,There has been a delay in processing my requested government certificate.,Certificates,Revenue Department,Rajasthan,Lucknow,2024-09-12,Resolved,Medium,0,2024-10-22,0,2
IND-CMP-0345,My certificate application has remained pending for 33 days without a clear update.,Certificates,Revenue Department,Madhya Pradesh,Chennai,2025-04-23,Pending,Medium,33,,0,
IND-CMP-0346,My welfare scheme application has remained pending for 77 days.,Welfare Scheme,Social Welfare Department,Bihar,Kochi,2024-02-23,Resolved,High,0,2024-05-09,0,1
IND-CMP-0347,Basic public health services have not been available as expected for 67 days.,Public Health,Public Health Department,Andhra Pradesh,Ahmedabad,2025-09-29,Resolved,Medium,0,2025-11-02,0,1
IND-CMP-0348,A damaged road with potholes near the residential area has not been repaired for 105 days.,Road Damage,Public Works Department,Karnataka,Lucknow,2024-05-26,In Progress,High,105,,0,
IND-CMP-0349,The drainage system needs cleaning because wastewater is not flowing properly.,Drainage,Municipal Engineering Department,Uttar Pradesh,Bhopal,2025-07-10,Resolved,Low,0,2025-07-11,0,3
IND-CMP-0350,The local public health facility is facing a service delay and residents need assistance.,Public Health,Public Health Department,Tamil Nadu,Lucknow,2024-04-25,Escalated,High,106,,1,
IND-CMP-0351,The benefit related to my welfare application has not been processed within the expected time.,Welfare Scheme,Social Welfare Department,Kerala,Hyderabad,2024-08-21,Pending,Medium,26,,0,
IND-CMP-0352,Street lights in the locality have not been working for 56 days.,Street Lighting,Municipal Engineering Department,Karnataka,Bhopal,2024-12-02,Resolved,Medium,0,2024-12-07,0,3
IND-CMP-0353,Drainage blockage is causing water accumulation in the locality for 110 days.,Drainage,Municipal Engineering Department,Maharashtra,Ahmedabad,2025-06-17,Resolved,High,0,2025-06-27,0,2
IND-CMP-0354,Basic public health services have not been available as expected for 119 days.,Public Health,Public Health Department,Bihar,Jaipur,2024-05-26,Resolved,High,0,2024-06-22,0,4
IND-CMP-0355,Drainage blockage is causing water accumulation in the locality for 79 days.,Drainage,Municipal Engineering Department,West Bengal,Patna,2024-12-10,Resolved,High,0,2025-01-16,0,1
IND-CMP-0356,Street electricity infrastructure in our area has not been functioning properly for 95 days.,Electricity,Electricity Department,Maharashtra,Jaipur,2025-04-23,In Progress,High,95,,0,
IND-CMP-0357,There has been no regular water supply in our area for 62 days.,Water Supply,Water Supply Department,Maharashtra,Kochi,2025-04-01,In Progress,Medium,62,,0,
IND-CMP-0358,There has been no regular water supply in our area for 102 days.,Water Supply,Water Supply Department,Andhra Pradesh,Bhopal,2024-12-31,Resolved,High,0,2025-01-05,0,5
IND-CMP-0359,The drainage system needs cleaning because wastewater is not flowing properly.,Drainage,Municipal Engineering Department,Karnataka,Chennai,2025-04-03,In Progress,Low,25,,0,
IND-CMP-0360,My certificate application has remained pending for 3 days without a clear update.,Certificates,Revenue Department,Kerala,Ahmedabad,2024-08-02,In Progress,Low,3,,0,
IND-CMP-0361,Public transport service is irregular and commuters are facing repeated delays.,Public Transport,Transport Department,Maharashtra,Kochi,2025-06-22,Resolved,Medium,0,2025-07-02,0,4
IND-CMP-0362,The public area has not been cleaned regularly and sanitation conditions are poor.,Sanitation,Municipal Sanitation Department,Uttar Pradesh,Lucknow,2026-03-27,In Progress,Low,22,,0,
IND-CMP-0363,Street electricity infrastructure in our area has not been functioning properly for 113 days.,Electricity,Electricity Department,Rajasthan,Kochi,2024-03-24,Resolved,High,0,2024-05-03,0,4
IND-CMP-0364,The scheduled public transport service has been unreliable for 97 days.,Public Transport,Transport Department,Rajasthan,Lucknow,2026-02-13,In Progress,High,97,,0,
IND-CMP-0365,Drainage blockage is causing water accumulation in the locality for 70 days.,Drainage,Municipal Engineering Department,Gujarat,Kochi,2025-07-01,In Progress,Medium,70,,0,
IND-CMP-0366,The drainage system needs cleaning because wastewater is not flowing properly.,Drainage,Municipal Engineering Department,West Bengal,Visakhapatnam,2025-12-17,Pending,High,87,,0,
IND-CMP-0367,There has been a delay in processing my requested government certificate.,Certificates,Revenue Department,Karnataka,Mumbai,2024-02-19,In Progress,High,86,,0,
IND-CMP-0368,Several public street lights are not functioning and require maintenance.,Street Lighting,Municipal Engineering Department,Bihar,Chennai,2025-11-05,Escalated,Medium,26,,1,
IND-CMP-0369,Garbage collection has been irregular for 81 days and waste is accumulating.,Sanitation,Municipal Sanitation Department,Uttar Pradesh,Lucknow,2026-01-01,Pending,High,81,,0,
IND-CMP-0370,Basic public health services have not been available as expected for 93 days.,Public Health,Public Health Department,Tamil Nadu,Bhopal,2026-01-15,Resolved,High,0,2026-03-13,0,4
IND-CMP-0371,Public transport service is irregular and commuters are facing repeated delays.,Public Transport,Transport Department,Maharashtra,Mumbai,2025-10-04,Pending,Medium,46,,0,
IND-CMP-0372,Public transport service is irregular and commuters are facing repeated delays.,Public Transport,Transport Department,West Bengal,Mumbai,2024-09-16,Pending,Low,22,,0,
IND-CMP-0373,Repeated power-related service interruptions have affected residents for 81 days.,Electricity,Electricity Department,Telangana,Ahmedabad,2025-11-19,Resolved,High,0,2026-01-22,0,2
IND-CMP-0374,The road surface is badly damaged and needs urgent maintenance.,Road Damage,Public Works Department,Madhya Pradesh,Kochi,2024-09-03,Pending,High,79,,0,
IND-CMP-0375,Street electricity infrastructure in our area has not been functioning properly for 14 days.,Electricity,Electricity Department,Gujarat,Hyderabad,2025-06-09,Pending,Low,14,,0,
IND-CMP-0376,There has been a delay in processing my requested government certificate.,Certificates,Revenue Department,Tamil Nadu,Lucknow,2025-07-01,Pending,Low,10,,0,
IND-CMP-0377,There has been a delay in processing my requested government certificate.,Certificates,Revenue Department,West Bengal,Jaipur,2026-05-23,Resolved,Low,0,2026-05-27,0,5
IND-CMP-0378,The public area has not been cleaned regularly and sanitation conditions are poor.,Sanitation,Municipal Sanitation Department,Bihar,Kochi,2025-10-01,Pending,Medium,62,,0,
IND-CMP-0379,Drainage blockage is causing water accumulation in the locality for 2 days.,Drainage,Municipal Engineering Department,Gujarat,Bengaluru,2025-09-28,Escalated,High,2,,1,
IND-CMP-0380,The road surface is badly damaged and needs urgent maintenance.,Road Damage,Public Works Department,Uttar Pradesh,Bengaluru,2024-11-02,Pending,Medium,54,,0,
IND-CMP-0381,The benefit related to my welfare application has not been processed within the expected time.,Welfare Scheme,Social Welfare Department,Telangana,Visakhapatnam,2025-12-30,Resolved,Low,0,2026-01-02,0,3
IND-CMP-0382,Several public street lights are not functioning and require maintenance.,Street Lighting,Municipal Engineering Department,Karnataka,Visakhapatnam,2024-07-24,In Progress,Medium,37,,0,
IND-CMP-0383,There has been no regular water supply in our area for 92 days.,Water Supply,Water Supply Department,Tamil Nadu,Bhopal,2024-02-26,Pending,High,92,,0,
IND-CMP-0384,The benefit related to my welfare application has not been processed within the expected time.,Welfare Scheme,Social Welfare Department,Madhya Pradesh,Kochi,2024-07-19,Pending,Medium,62,,0,
IND-CMP-0385,Public transport service is irregular and commuters are facing repeated delays.,Public Transport,Transport Department,Bihar,Kolkata,2025-06-03,In Progress,Low,10,,0,
IND-CMP-0386,A damaged road with potholes near the residential area has not been repaired for 34 days.,Road Damage,Public Works Department,Kerala,Kochi,2026-04-11,Escalated,Medium,34,,1,
IND-CMP-0387,The public area has not been cleaned regularly and sanitation conditions are poor.,Sanitation,Municipal Sanitation Department,West Bengal,Visakhapatnam,2024-12-18,Pending,High,86,,0,
IND-CMP-0388,Repeated power-related service interruptions have affected residents for 119 days.,Electricity,Electricity Department,Rajasthan,Bhopal,2025-12-11,Pending,High,119,,0,
IND-CMP-0389,A damaged road with potholes near the residential area has not been repaired for 10 days.,Road Damage,Public Works Department,Karnataka,Chennai,2026-01-10,Resolved,Low,0,2026-01-15,0,5
IND-CMP-0390,The local public health facility is facing a service delay and residents need assistance.,Public Health,Public Health Department,Rajasthan,Bhopal,2025-03-28,Pending,Medium,58,,0,
IND-CMP-0391,My welfare scheme application has remained pending for 63 days.,Welfare Scheme,Social Welfare Department,Gujarat,Jaipur,2026-03-28,In Progress,Medium,63,,0,
IND-CMP-0392,Drainage blockage is causing water accumulation in the locality for 29 days.,Drainage,Municipal Engineering Department,Rajasthan,Kolkata,2024-07-24,Pending,Medium,29,,0,
IND-CMP-0393,There has been a delay in processing my requested government certificate.,Certificates,Revenue Department,Uttar Pradesh,Jaipur,2026-04-05,Resolved,High,0,2026-04-08,0,5
IND-CMP-0394,The drainage system needs cleaning because wastewater is not flowing properly.,Drainage,Municipal Engineering Department,Bihar,Visakhapatnam,2026-03-13,Resolved,Low,0,2026-03-22,0,4
IND-CMP-0395,Street electricity infrastructure in our area has not been functioning properly for 79 days.,Electricity,Electricity Department,Uttar Pradesh,Mumbai,2025-04-24,In Progress,High,79,,0,
IND-CMP-0396,Public transport service is irregular and commuters are facing repeated delays.,Public Transport,Transport Department,Tamil Nadu,Patna,2026-06-10,Resolved,Low,0,2026-06-29,0,1
IND-CMP-0397,A damaged road with potholes near the residential area has not been repaired for 75 days.,Road Damage,Public Works Department,Madhya Pradesh,Kolkata,2024-08-14,In Progress,Medium,75,,0,
IND-CMP-0398,Street lights in the locality have not been working for 61 days.,Street Lighting,Municipal Engineering Department,Telangana,Bhopal,2026-04-15,Pending,Medium,61,,0,
IND-CMP-0399,Garbage collection has been irregular for 71 days and waste is accumulating.,Sanitation,Municipal Sanitation Department,West Bengal,Chennai,2026-05-07,Escalated,Medium,71,,1,
IND-CMP-0400,Drinking water supply is irregular and residents are facing difficulty for 39 days.,Water Supply,Water Supply Department,West Bengal,Visakhapatnam,2024-09-07,Resolved,Medium,0,2024-10-10,0,5
IND-CMP-0401,The benefit related to my welfare application has not been processed within the expected time.,Welfare Scheme,Social Welfare Department,West Bengal,Hyderabad,2026-01-01,Pending,High,79,,0,
IND-CMP-0402,There has been no regular water supply in our area for 49 days.,Water Supply,Water Supply Department,Rajasthan,Visakhapatnam,2025-11-30,In Progress,Medium,49,,0,
IND-CMP-0403,The drainage system needs cleaning because wastewater is not flowing properly.,Drainage,Municipal Engineering Department,West Bengal,Chennai,2025-05-29,Escalated,Low,22,,1,
IND-CMP-0404,The local public health facility is facing a service delay and residents need assistance.,Public Health,Public Health Department,Maharashtra,Mumbai,2024-01-09,Resolved,Medium,0,2024-02-01,0,2
IND-CMP-0405,The road surface is badly damaged and needs urgent maintenance.,Road Damage,Public Works Department,Tamil Nadu,Lucknow,2024-03-14,Pending,High,86,,0,
IND-CMP-0406,Several public street lights are not functioning and require maintenance.,Street Lighting,Municipal Engineering Department,Kerala,Patna,2024-03-17,Escalated,High,119,,1,
IND-CMP-0407,Street lights in the locality have not been working for 43 days.,Street Lighting,Municipal Engineering Department,Maharashtra,Ahmedabad,2024-08-25,In Progress,Medium,43,,0,
IND-CMP-0408,There has been no regular water supply in our area for 96 days.,Water Supply,Water Supply Department,Tamil Nadu,Ahmedabad,2025-03-20,Resolved,High,0,2025-06-01,0,4
IND-CMP-0409,Public transport service is irregular and commuters are facing repeated delays.,Public Transport,Transport Department,Bihar,Chennai,2025-06-13,In Progress,High,78,,0,
IND-CMP-0410,The scheduled public transport service has been unreliable for 62 days.,Public Transport,Transport Department,Tamil Nadu,Ahmedabad,2025-05-01,Resolved,Medium,0,2025-06-19,0,4
IND-CMP-0411,The road surface is badly damaged and needs urgent maintenance.,Road Damage,Public Works Department,Madhya Pradesh,Hyderabad,2026-02-02,In Progress,Medium,55,,0,
IND-CMP-0412,The drainage system needs cleaning because wastewater is not flowing properly.,Drainage,Municipal Engineering Department,Kerala,Bhopal,2025-01-30,Resolved,Low,0,2025-02-01,0,5
IND-CMP-0413,My welfare scheme application has remained pending for 8 days.,Welfare Scheme,Social Welfare Department,Karnataka,Chennai,2024-03-12,In Progress,Low,8,,0,
IND-CMP-0414,The local public health facility is facing a service delay and residents need assistance.,Public Health,Public Health Department,Karnataka,Jaipur,2025-07-02,In Progress,Medium,57,,0,
IND-CMP-0415,My certificate application has remained pending for 78 days without a clear update.,Certificates,Revenue Department,Tamil Nadu,Patna,2025-01-19,Pending,High,78,,0,
IND-CMP-0416,Garbage collection has been irregular for 35 days and waste is accumulating.,Sanitation,Municipal Sanitation Department,Andhra Pradesh,Hyderabad,2025-11-05,Escalated,Medium,35,,1,
IND-CMP-0417,The benefit related to my welfare application has not been processed within the expected time.,Welfare Scheme,Social Welfare Department,Bihar,Kochi,2026-01-26,Resolved,Medium,0,2026-02-08,0,4
IND-CMP-0418,Garbage collection has been irregular for 85 days and waste is accumulating.,Sanitation,Municipal Sanitation Department,Tamil Nadu,Patna,2025-04-28,Resolved,High,0,2025-07-18,0,4
IND-CMP-0419,My welfare scheme application has remained pending for 112 days.,Welfare Scheme,Social Welfare Department,Tamil Nadu,Hyderabad,2025-09-30,Resolved,High,0,2025-11-02,0,2
IND-CMP-0420,Basic public health services have not been available as expected for 107 days.,Public Health,Public Health Department,Telangana,Mumbai,2024-01-20,Pending,High,107,,0,
IND-CMP-0421,The public area has not been cleaned regularly and sanitation conditions are poor.,Sanitation,Municipal Sanitation Department,Andhra Pradesh,Ahmedabad,2025-02-24,In Progress,High,101,,0,
IND-CMP-0422,A damaged road with potholes near the residential area has not been repaired for 83 days.,Road Damage,Public Works Department,Rajasthan,Bhopal,2024-09-25,In Progress,High,83,,0,
IND-CMP-0423,The drainage system needs cleaning because wastewater is not flowing properly.,Drainage,Municipal Engineering Department,Gujarat,Visakhapatnam,2024-08-13,Resolved,Low,0,2024-08-29,0,3
IND-CMP-0424,Basic public health services have not been available as expected for 119 days.,Public Health,Public Health Department,Kerala,Bengaluru,2025-04-10,Resolved,High,0,2025-06-30,0,1
IND-CMP-0425,Repeated power-related service interruptions have affected residents for 116 days.,Electricity,Electricity Department,West Bengal,Visakhapatnam,2026-06-01,Escalated,High,116,,1,
IND-CMP-0426,Repeated power-related service interruptions have affected residents for 106 days.,Electricity,Electricity Department,West Bengal,Kochi,2026-04-07,Resolved,High,0,2026-04-18,0,3
IND-CMP-0427,Several public street lights are not functioning and require maintenance.,Street Lighting,Municipal Engineering Department,Bihar,Kochi,2025-12-07,Resolved,High,0,2025-12-11,0,4
IND-CMP-0428,Street lights in the locality have not been working for 98 days.,Street Lighting,Municipal Engineering Department,Andhra Pradesh,Mumbai,2025-09-27,Pending,High,98,,0,
IND-CMP-0429,Drainage blockage is causing water accumulation in the locality for 53 days.,Drainage,Municipal Engineering Department,Madhya Pradesh,Ahmedabad,2024-03-28,In Progress,Medium,53,,0,
IND-CMP-0430,A damaged road with potholes near the residential area has not been repaired for 66 days.,Road Damage,Public Works Department,Tamil Nadu,Patna,2025-08-07,Resolved,Medium,0,2025-08-14,0,5
IND-CMP-0431,Drinking water supply is irregular and residents are facing difficulty for 43 days.,Water Supply,Water Supply Department,Gujarat,Patna,2026-06-14,Resolved,Medium,0,2026-06-21,0,4
IND-CMP-0432,Several public street lights are not functioning and require maintenance.,Street Lighting,Municipal Engineering Department,Andhra Pradesh,Kolkata,2025-12-25,Pending,High,91,,0,
IND-CMP-0433,There has been a delay in processing my requested government certificate.,Certificates,Revenue Department,Andhra Pradesh,Chennai,2026-05-14,Resolved,Medium,0,2026-05-28,0,4
IND-CMP-0434,The road surface is badly damaged and needs urgent maintenance.,Road Damage,Public Works Department,Uttar Pradesh,Visakhapatnam,2025-07-04,Pending,Low,10,,0,
IND-CMP-0435,My certificate application has remained pending for 31 days without a clear update.,Certificates,Revenue Department,Karnataka,Hyderabad,2025-04-19,Escalated,Medium,31,,1,
IND-CMP-0436,The public area has not been cleaned regularly and sanitation conditions are poor.,Sanitation,Municipal Sanitation Department,Andhra Pradesh,Chennai,2025-04-15,In Progress,High,89,,0,
IND-CMP-0437,There has been no regular water supply in our area for 9 days.,Water Supply,Water Supply Department,Gujarat,Bhopal,2025-07-29,In Progress,Low,9,,0,
IND-CMP-0438,Garbage collection has been irregular for 44 days and waste is accumulating.,Sanitation,Municipal Sanitation Department,Tamil Nadu,Visakhapatnam,2025-07-16,Resolved,Medium,0,2025-08-16,0,1
IND-CMP-0439,Garbage collection has been irregular for 34 days and waste is accumulating.,Sanitation,Municipal Sanitation Department,Gujarat,Patna,2024-05-14,Resolved,Medium,0,2024-06-07,0,3
IND-CMP-0440,Drainage blockage is causing water accumulation in the locality for 12 days.,Drainage,Municipal Engineering Department,West Bengal,Ahmedabad,2024-09-15,Pending,Low,12,,0,
IND-CMP-0441,The benefit related to my welfare application has not been processed within the expected time.,Welfare Scheme,Social Welfare Department,Madhya Pradesh,Bhopal,2026-06-10,Resolved,Medium,0,2026-07-13,0,2
IND-CMP-0442,The scheduled public transport service has been unreliable for 20 days.,Public Transport,Transport Department,Kerala,Visakhapatnam,2025-12-30,Pending,Low,20,,0,
IND-CMP-0443,Street electricity infrastructure in our area has not been functioning properly for 38 days.,Electricity,Electricity Department,Bihar,Kochi,2024-11-30,Resolved,Medium,0,2024-12-06,0,1
IND-CMP-0444,The road surface is badly damaged and needs urgent maintenance.,Road Damage,Public Works Department,Uttar Pradesh,Bengaluru,2025-07-15,Resolved,Medium,0,2025-08-30,0,3
IND-CMP-0445,The public area has not been cleaned regularly and sanitation conditions are poor.,Sanitation,Municipal Sanitation Department,Uttar Pradesh,Mumbai,2026-01-16,Resolved,Medium,0,2026-02-15,0,1
IND-CMP-0446,My certificate application has remained pending for 37 days without a clear update.,Certificates,Revenue Department,Karnataka,Kolkata,2025-04-14,Resolved,Medium,0,2025-04-30,0,5
IND-CMP-0447,The drainage system needs cleaning because wastewater is not flowing properly.,Drainage,Municipal Engineering Department,Uttar Pradesh,Patna,2025-09-17,Resolved,High,0,2025-12-13,0,5
IND-CMP-0448,Drinking water supply is irregular and residents are facing difficulty for 116 days.,Water Supply,Water Supply Department,Gujarat,Patna,2024-07-26,Pending,High,116,,0,
IND-CMP-0449,The scheduled public transport service has been unreliable for 75 days.,Public Transport,Transport Department,Tamil Nadu,Lucknow,2024-03-07,In Progress,Medium,75,,0,
IND-CMP-0450,My welfare scheme application has remained pending for 115 days.,Welfare Scheme,Social Welfare Department,Karnataka,Bhopal,2024-03-17,Resolved,High,0,2024-06-16,0,4
IND-CMP-0451,There has been a delay in processing my requested government certificate.,Certificates,Revenue Department,Andhra Pradesh,Patna,2026-01-26,Resolved,Medium,0,2026-01-30,0,5
IND-CMP-0452,The local public health facility is facing a service delay and residents need assistance.,Public Health,Public Health Department,Maharashtra,Kochi,2025-11-09,Resolved,Medium,0,2025-11-16,0,5
IND-CMP-0453,Garbage collection has been irregular for 36 days and waste is accumulating.,Sanitation,Municipal Sanitation Department,West Bengal,Kochi,2025-04-28,Pending,Medium,36,,0,
IND-CMP-0454,Several public street lights are not functioning and require maintenance.,Street Lighting,Municipal Engineering Department,Uttar Pradesh,Kolkata,2025-07-23,Pending,High,83,,0,
IND-CMP-0455,My welfare scheme application has remained pending for 67 days.,Welfare Scheme,Social Welfare Department,Kerala,Chennai,2026-05-08,Pending,Medium,67,,0,
IND-CMP-0456,Repeated power-related service interruptions have affected residents for 73 days.,Electricity,Electricity Department,Kerala,Chennai,2025-04-07,Resolved,High,0,2025-05-11,0,5
IND-CMP-0457,The road surface is badly damaged and needs urgent maintenance.,Road Damage,Public Works Department,Kerala,Chennai,2024-02-15,Resolved,Medium,0,2024-02-29,0,3
IND-CMP-0458,The public area has not been cleaned regularly and sanitation conditions are poor.,Sanitation,Municipal Sanitation Department,Kerala,Chennai,2026-04-16,In Progress,Low,18,,0,
IND-CMP-0459,There has been no regular water supply in our area for 25 days.,Water Supply,Water Supply Department,Uttar Pradesh,Lucknow,2025-10-31,In Progress,Low,25,,0,
IND-CMP-0460,Drinking water supply is irregular and residents are facing difficulty for 91 days.,Water Supply,Water Supply Department,Telangana,Patna,2025-06-28,Pending,High,91,,0,
IND-CMP-0461,The public area has not been cleaned regularly and sanitation conditions are poor.,Sanitation,Municipal Sanitation Department,Madhya Pradesh,Bhopal,2025-03-13,In Progress,Medium,70,,0,
IND-CMP-0462,Garbage collection has been irregular for 24 days and waste is accumulating.,Sanitation,Municipal Sanitation Department,Kerala,Chennai,2024-09-02,Resolved,Low,0,2024-09-13,0,3
IND-CMP-0463,A damaged road with potholes near the residential area has not been repaired for 104 days.,Road Damage,Public Works Department,West Bengal,Kolkata,2025-10-26,In Progress,High,104,,0,
IND-CMP-0464,Drinking water supply is irregular and residents are facing difficulty for 119 days.,Water Supply,Water Supply Department,Kerala,Jaipur,2025-05-20,Resolved,High,0,2025-07-13,0,4
IND-CMP-0465,My certificate application has remained pending for 59 days without a clear update.,Certificates,Revenue Department,Karnataka,Chennai,2026-05-20,Pending,Medium,59,,0,
IND-CMP-0466,There has been no regular water supply in our area for 66 days.,Water Supply,Water Supply Department,Telangana,Lucknow,2025-07-29,Pending,Medium,66,,0,
IND-CMP-0467,Garbage collection has been irregular for 113 days and waste is accumulating.,Sanitation,Municipal Sanitation Department,Uttar Pradesh,Bengaluru,2025-09-29,Resolved,High,0,2025-11-10,0,5
IND-CMP-0468,The public area has not been cleaned regularly and sanitation conditions are poor.,Sanitation,Municipal Sanitation Department,Gujarat,Lucknow,2025-05-12,Escalated,High,112,,1,
IND-CMP-0469,Basic public health services have not been available as expected for 102 days.,Public Health,Public Health Department,Karnataka,Jaipur,2024-09-16,Resolved,High,0,2024-10-06,0,5
IND-CMP-0470,Several public street lights are not functioning and require maintenance.,Street Lighting,Municipal Engineering Department,Karnataka,Kochi,2026-05-31,Pending,High,111,,0,
IND-CMP-0471,The drainage system needs cleaning because wastewater is not flowing properly.,Drainage,Municipal Engineering Department,Kerala,Ahmedabad,2024-01-20,Pending,Low,19,,0,
IND-CMP-0472,Street lights in the locality have not been working for 63 days.,Street Lighting,Municipal Engineering Department,Gujarat,Visakhapatnam,2024-02-25,Pending,Medium,63,,0,
IND-CMP-0473,Garbage collection has been irregular for 80 days and waste is accumulating.,Sanitation,Municipal Sanitation Department,Andhra Pradesh,Kolkata,2025-03-22,Resolved,High,0,2025-04-19,0,3
IND-CMP-0474,A damaged road with potholes near the residential area has not been repaired for 68 days.,Road Damage,Public Works Department,Andhra Pradesh,Patna,2024-07-16,Resolved,Medium,0,2024-09-06,0,5
IND-CMP-0475,The road surface is badly damaged and needs urgent maintenance.,Road Damage,Public Works Department,Rajasthan,Visakhapatnam,2025-10-30,Resolved,Medium,0,2025-11-02,0,2
IND-CMP-0476,The drainage system needs cleaning because wastewater is not flowing properly.,Drainage,Municipal Engineering Department,Karnataka,Kolkata,2025-12-16,Pending,High,67,,0,
IND-CMP-0477,My welfare scheme application has remained pending for 104 days.,Welfare Scheme,Social Welfare Department,Andhra Pradesh,Lucknow,2024-09-13,Resolved,High,0,2024-10-05,0,4
IND-CMP-0478,Drinking water supply is irregular and residents are facing difficulty for 11 days.,Water Supply,Water Supply Department,Gujarat,Mumbai,2025-09-17,In Progress,Low,11,,0,
IND-CMP-0479,The benefit related to my welfare application has not been processed within the expected time.,Welfare Scheme,Social Welfare Department,Rajasthan,Kochi,2025-12-07,In Progress,Medium,57,,0,
IND-CMP-0480,Street lights in the locality have not been working for 103 days.,Street Lighting,Municipal Engineering Department,Madhya Pradesh,Kochi,2024-12-16,Pending,High,103,,0,
IND-CMP-0481,Basic public health services have not been available as expected for 30 days.,Public Health,Public Health Department,Maharashtra,Chennai,2024-06-15,Pending,Medium,30,,0,
IND-CMP-0482,A damaged road with potholes near the residential area has not been repaired for 97 days.,Road Damage,Public Works Department,Andhra Pradesh,Kolkata,2025-10-28,Pending,High,97,,0,
IND-CMP-0483,The road surface is badly damaged and needs urgent maintenance.,Road Damage,Public Works Department,Karnataka,Lucknow,2026-01-31,Escalated,High,120,,1,
IND-CMP-0484,Repeated power-related service interruptions have affected residents for 110 days.,Electricity,Electricity Department,Maharashtra,Jaipur,2026-03-23,Pending,High,110,,0,
IND-CMP-0485,The drainage system needs cleaning because wastewater is not flowing properly.,Drainage,Municipal Engineering Department,Madhya Pradesh,Bhopal,2024-10-08,In Progress,Medium,46,,0,
IND-CMP-0486,Repeated power-related service interruptions have affected residents for 22 days.,Electricity,Electricity Department,Gujarat,Bhopal,2026-06-17,Resolved,High,0,2026-06-26,0,1
IND-CMP-0487,Several public street lights are not functioning and require maintenance.,Street Lighting,Municipal Engineering Department,Karnataka,Visakhapatnam,2024-05-08,Resolved,Medium,0,2024-06-16,0,4
IND-CMP-0488,Drinking water supply is irregular and residents are facing difficulty for 76 days.,Water Supply,Water Supply Department,Kerala,Bhopal,2025-12-24,Resolved,High,0,2026-01-06,0,2
IND-CMP-0489,Drainage blockage is causing water accumulation in the locality for 106 days.,Drainage,Municipal Engineering Department,Maharashtra,Bhopal,2026-04-26,Pending,High,106,,0,
IND-CMP-0490,The scheduled public transport service has been unreliable for 14 days.,Public Transport,Transport Department,Kerala,Jaipur,2025-10-17,Pending,Low,14,,0,
IND-CMP-0491,My certificate application has remained pending for 80 days without a clear update.,Certificates,Revenue Department,Andhra Pradesh,Hyderabad,2024-06-15,Resolved,High,0,2024-08-04,0,4
IND-CMP-0492,The public area has not been cleaned regularly and sanitation conditions are poor.,Sanitation,Municipal Sanitation Department,Andhra Pradesh,Visakhapatnam,2024-02-15,Pending,Medium,36,,0,
IND-CMP-0493,Repeated power-related service interruptions have affected residents for 27 days.,Electricity,Electricity Department,Telangana,Kolkata,2025-06-15,Pending,High,27,,0,
IND-CMP-0494,There has been no regular water supply in our area for 67 days.,Water Supply,Water Supply Department,Andhra Pradesh,Jaipur,2025-08-16,Pending,Medium,67,,0,
IND-CMP-0495,Drinking water supply is irregular and residents are facing difficulty for 115 days.,Water Supply,Water Supply Department,Karnataka,Mumbai,2026-03-09,Pending,High,115,,0,
IND-CMP-0496,The drainage system needs cleaning because wastewater is not flowing properly.,Drainage,Municipal Engineering Department,West Bengal,Lucknow,2024-10-16,Escalated,High,82,,1,
IND-CMP-0497,The local public health facility is facing a service delay and residents need assistance.,Public Health,Public Health Department,Karnataka,Kolkata,2025-02-10,Pending,Medium,40,,0,
IND-CMP-0498,Drainage blockage is causing water accumulation in the locality for 95 days.,Drainage,Municipal Engineering Department,Gujarat,Bengaluru,2024-07-03,In Progress,High,95,,0,
IND-CMP-0499,Basic public health services have not been available as expected for 102 days.,Public Health,Public Health Department,Kerala,Kochi,2024-02-24,In Progress,High,102,,0,
IND-CMP-0500,A damaged road with potholes near the residential area has not been repaired for 20 days.,Road Damage,Public Works Department,Uttar Pradesh,Bhopal,2024-01-07,Resolved,Low,0,2024-01-27,0,4
IND-CMP-0501,The benefit related to my welfare application has not been processed within the expected time.,Welfare Scheme,Social Welfare Department,Telangana,Ahmedabad,2025-07-02,Resolved,Medium,0,2025-08-24,0,3
IND-CMP-0502,Garbage collection has been irregular for 92 days and waste is accumulating.,Sanitation,Municipal Sanitation Department,Karnataka,Mumbai,2025-02-17,Pending,High,92,,0,
IND-CMP-0503,There has been no regular water supply in our area for 3 days.,Water Supply,Water Supply Department,Rajasthan,Bhopal,2024-02-27,Resolved,Low,0,2024-03-01,0,1
IND-CMP-0504,There has been a delay in processing my requested government certificate.,Certificates,Revenue Department,Telangana,Jaipur,2025-09-17,Resolved,Low,0,2025-09-20,0,5
IND-CMP-0505,Street electricity infrastructure in our area has not been functioning properly for 38 days.,Electricity,Electricity Department,Uttar Pradesh,Kochi,2025-03-09,Resolved,Medium,0,2025-04-02,0,5
IND-CMP-0506,Drinking water supply is irregular and residents are facing difficulty for 30 days.,Water Supply,Water Supply Department,Andhra Pradesh,Kochi,2024-02-06,Resolved,Medium,0,2024-02-28,0,3
IND-CMP-0507,Garbage collection has been irregular for 54 days and waste is accumulating.,Sanitation,Municipal Sanitation Department,Maharashtra,Kochi,2026-05-24,Pending,Medium,54,,0,
IND-CMP-0508,Public transport service is irregular and commuters are facing repeated delays.,Public Transport,Transport Department,Karnataka,Ahmedabad,2025-01-22,Pending,Medium,41,,0,
IND-CMP-0509,Street lights in the locality have not been working for 104 days.,Street Lighting,Municipal Engineering Department,Uttar Pradesh,Jaipur,2024-09-28,In Progress,High,104,,0,
IND-CMP-0510,A damaged road with potholes near the residential area has not been repaired for 119 days.,Road Damage,Public Works Department,Gujarat,Hyderabad,2024-12-01,In Progress,High,119,,0,
IND-CMP-0511,Street lights in the locality have not been working for 89 days.,Street Lighting,Municipal Engineering Department,Telangana,Chennai,2025-06-01,Resolved,High,0,2025-08-10,0,5
IND-CMP-0512,There has been no regular water supply in our area for 19 days.,Water Supply,Water Supply Department,Maharashtra,Chennai,2025-10-18,Resolved,Low,0,2025-10-26,0,2
IND-CMP-0513,Several public street lights are not functioning and require maintenance.,Street Lighting,Municipal Engineering Department,Telangana,Ahmedabad,2024-12-10,Resolved,High,0,2024-12-26,0,4
IND-CMP-0514,Repeated power-related service interruptions have affected residents for 114 days.,Electricity,Electricity Department,Maharashtra,Visakhapatnam,2025-07-19,Escalated,High,114,,1,
IND-CMP-0515,Several public street lights are not functioning and require maintenance.,Street Lighting,Municipal Engineering Department,Maharashtra,Bhopal,2025-06-03,Resolved,Medium,0,2025-06-12,0,4
IND-CMP-0516,Repeated power-related service interruptions have affected residents for 45 days.,Electricity,Electricity Department,Bihar,Mumbai,2024-04-24,Pending,Medium,45,,0,
IND-CMP-0517,There has been no regular water supply in our area for 107 days.,Water Supply,Water Supply Department,Andhra Pradesh,Bhopal,2024-05-13,Escalated,High,107,,1,
IND-CMP-0518,The drainage system needs cleaning because wastewater is not flowing properly.,Drainage,Municipal Engineering Department,Rajasthan,Kochi,2024-03-18,Pending,High,97,,0,
IND-CMP-0519,The public area has not been cleaned regularly and sanitation conditions are poor.,Sanitation,Municipal Sanitation Department,Madhya Pradesh,Patna,2025-12-03,Resolved,Low,0,2025-12-20,0,4
IND-CMP-0520,Street electricity infrastructure in our area has not been functioning properly for 54 days.,Electricity,Electricity Department,Maharashtra,Lucknow,2025-06-30,Escalated,High,54,,1,
IND-CMP-0521,The benefit related to my welfare application has not been processed within the expected time.,Welfare Scheme,Social Welfare Department,West Bengal,Hyderabad,2025-06-05,Pending,Low,2,,0,
IND-CMP-0522,There has been a delay in processing my requested government certificate.,Certificates,Revenue Department,Tamil Nadu,Visakhapatnam,2025-04-08,Pending,High,101,,0,
IND-CMP-0523,Public transport service is irregular and commuters are facing repeated delays.,Public Transport,Transport Department,West Bengal,Kolkata,2024-01-13,Pending,Low,3,,0,
IND-CMP-0524,Drinking water supply is irregular and residents are facing difficulty for 73 days.,Water Supply,Water Supply Department,Madhya Pradesh,Visakhapatnam,2025-11-20,Pending,Medium,73,,0,
IND-CMP-0525,A damaged road with potholes near the residential area has not been repaired for 65 days.,Road Damage,Public Works Department,Kerala,Lucknow,2024-07-16,Resolved,Medium,0,2024-08-03,0,3
IND-CMP-0526,Public transport service is irregular and commuters are facing repeated delays.,Public Transport,Transport Department,Kerala,Bhopal,2025-02-15,Escalated,Low,17,,1,
IND-CMP-0527,Several public street lights are not functioning and require maintenance.,Street Lighting,Municipal Engineering Department,Madhya Pradesh,Hyderabad,2025-09-04,Pending,Low,19,,0,
IND-CMP-0528,My welfare scheme application has remained pending for 88 days.,Welfare Scheme,Social Welfare Department,Gujarat,Kochi,2026-02-14,In Progress,High,88,,0,
IND-CMP-0529,Public transport service is irregular and commuters are facing repeated delays.,Public Transport,Transport Department,Madhya Pradesh,Hyderabad,2025-12-03,Resolved,Low,0,2025-12-24,0,2
IND-CMP-0530,Basic public health services have not been available as expected for 107 days.,Public Health,Public Health Department,Uttar Pradesh,Visakhapatnam,2024-07-24,Resolved,High,0,2024-10-20,0,2
IND-CMP-0531,A damaged road with potholes near the residential area has not been repaired for 97 days.,Road Damage,Public Works Department,Maharashtra,Bhopal,2025-10-08,Resolved,High,0,2025-12-04,0,3
IND-CMP-0532,The local public health facility is facing a service delay and residents need assistance.,Public Health,Public Health Department,Tamil Nadu,Hyderabad,2025-02-09,In Progress,Medium,60,,0,
IND-CMP-0533,The road surface is badly damaged and needs urgent maintenance.,Road Damage,Public Works Department,Rajasthan,Mumbai,2024-12-08,In Progress,Low,7,,0,
IND-CMP-0534,Drinking water supply is irregular and residents are facing difficulty for 54 days.,Water Supply,Water Supply Department,Bihar,Kolkata,2026-02-11,In Progress,Medium,54,,0,
IND-CMP-0535,The benefit related to my welfare application has not been processed within the expected time.,Welfare Scheme,Social Welfare Department,Kerala,Ahmedabad,2025-11-03,Resolved,High,0,2025-11-23,0,4
IND-CMP-0536,The local public health facility is facing a service delay and residents need assistance.,Public Health,Public Health Department,Tamil Nadu,Kolkata,2026-06-11,Pending,High,95,,0,
IND-CMP-0537,The benefit related to my welfare application has not been processed within the expected time.,Welfare Scheme,Social Welfare Department,Tamil Nadu,Jaipur,2025-08-09,Resolved,Medium,0,2025-08-29,0,4
IND-CMP-0538,Several public street lights are not functioning and require maintenance.,Street Lighting,Municipal Engineering Department,Gujarat,Ahmedabad,2025-07-23,Resolved,Low,0,2025-07-28,0,5
IND-CMP-0539,The local public health facility is facing a service delay and residents need assistance.,Public Health,Public Health Department,Madhya Pradesh,Patna,2024-12-31,In Progress,High,119,,0,
IND-CMP-0540,The public area has not been cleaned regularly and sanitation conditions are poor.,Sanitation,Municipal Sanitation Department,Bihar,Mumbai,2024-03-18,Resolved,Low,0,2024-03-19,0,5
IND-CMP-0541,Basic public health services have not been available as expected for 50 days.,Public Health,Public Health Department,Karnataka,Bhopal,2024-03-14,Pending,Medium,50,,0,
IND-CMP-0542,The drainage system needs cleaning because wastewater is not flowing properly.,Drainage,Municipal Engineering Department,Andhra Pradesh,Mumbai,2024-11-15,Pending,High,90,,0,
IND-CMP-0543,Garbage collection has been irregular for 51 days and waste is accumulating.,Sanitation,Municipal Sanitation Department,West Bengal,Patna,2024-04-28,Resolved,Medium,0,2024-06-02,0,2
IND-CMP-0544,There has been a delay in processing my requested government certificate.,Certificates,Revenue Department,West Bengal,Visakhapatnam,2025-12-12,Resolved,High,0,2026-01-25,0,2
IND-CMP-0545,There has been a delay in processing my requested government certificate.,Certificates,Revenue Department,Gujarat,Lucknow,2025-01-31,In Progress,Medium,74,,0,
IND-CMP-0546,Several public street lights are not functioning and require maintenance.,Street Lighting,Municipal Engineering Department,Telangana,Bengaluru,2024-06-29,Resolved,Medium,0,2024-08-24,0,1
IND-CMP-0547,Street lights in the locality have not been working for 35 days.,Street Lighting,Municipal Engineering Department,Gujarat,Visakhapatnam,2026-02-11,Resolved,Medium,0,2026-03-02,0,3
IND-CMP-0548,Street lights in the locality have not been working for 83 days.,Street Lighting,Municipal Engineering Department,Bihar,Kolkata,2025-12-08,Resolved,High,0,2025-12-15,0,2
IND-CMP-0549,Several public street lights are not functioning and require maintenance.,Street Lighting,Municipal Engineering Department,Tamil Nadu,Kolkata,2025-03-14,In Progress,High,89,,0,
IND-CMP-0550,Basic public health services have not been available as expected for 55 days.,Public Health,Public Health Department,Telangana,Mumbai,2026-04-04,Pending,Medium,55,,0,
IND-CMP-0551,Repeated power-related service interruptions have affected residents for 7 days.,Electricity,Electricity Department,Gujarat,Ahmedabad,2025-06-20,In Progress,Low,7,,0,
IND-CMP-0552,Street electricity infrastructure in our area has not been functioning properly for 30 days.,Electricity,Electricity Department,Tamil Nadu,Chennai,2024-03-08,Resolved,High,0,2024-04-05,0,3
IND-CMP-0553,My certificate application has remained pending for 13 days without a clear update.,Certificates,Revenue Department,Bihar,Kochi,2025-02-01,Resolved,Low,0,2025-02-12,0,2
IND-CMP-0554,A damaged road with potholes near the residential area has not been repaired for 81 days.,Road Damage,Public Works Department,Bihar,Visakhapatnam,2025-09-24,Resolved,High,0,2025-10-18,0,2
IND-CMP-0555,Garbage collection has been irregular for 90 days and waste is accumulating.,Sanitation,Municipal Sanitation Department,Andhra Pradesh,Visakhapatnam,2026-03-30,In Progress,High,90,,0,
IND-CMP-0556,Street lights in the locality have not been working for 49 days.,Street Lighting,Municipal Engineering Department,Gujarat,Mumbai,2024-07-05,Resolved,Medium,0,2024-07-31,0,4
IND-CMP-0557,Street electricity infrastructure in our area has not been functioning properly for 72 days.,Electricity,Electricity Department,Tamil Nadu,Hyderabad,2025-03-20,Resolved,Medium,0,2025-04-30,0,3
IND-CMP-0558,Basic public health services have not been available as expected for 80 days.,Public Health,Public Health Department,Madhya Pradesh,Bhopal,2024-11-14,In Progress,High,80,,0,
IND-CMP-0559,My certificate application has remained pending for 33 days without a clear update.,Certificates,Revenue Department,Andhra Pradesh,Bengaluru,2026-05-16,Pending,Medium,33,,0,
IND-CMP-0560,Drinking water supply is irregular and residents are facing difficulty for 39 days.,Water Supply,Water Supply Department,Kerala,Kochi,2025-09-11,Pending,Medium,39,,0,
IND-CMP-0561,Basic public health services have not been available as expected for 24 days.,Public Health,Public Health Department,Madhya Pradesh,Lucknow,2024-01-15,Resolved,High,0,2024-01-16,0,2
IND-CMP-0562,My certificate application has remained pending for 10 days without a clear update.,Certificates,Revenue Department,Gujarat,Bhopal,2024-11-13,Pending,Low,10,,0,
IND-CMP-0563,Public transport service is irregular and commuters are facing repeated delays.,Public Transport,Transport Department,Andhra Pradesh,Bengaluru,2024-05-23,In Progress,High,91,,0,
IND-CMP-0564,The public area has not been cleaned regularly and sanitation conditions are poor.,Sanitation,Municipal Sanitation Department,Karnataka,Patna,2026-05-08,In Progress,High,120,,0,
IND-CMP-0565,Drainage blockage is causing water accumulation in the locality for 48 days.,Drainage,Municipal Engineering Department,Gujarat,Kochi,2024-08-27,Pending,Medium,48,,0,
IND-CMP-0566,The scheduled public transport service has been unreliable for 68 days.,Public Transport,Transport Department,Maharashtra,Bengaluru,2024-05-06,Resolved,Medium,0,2024-07-11,0,2
IND-CMP-0567,The road surface is badly damaged and needs urgent maintenance.,Road Damage,Public Works Department,Madhya Pradesh,Hyderabad,2025-05-06,Escalated,Medium,73,,1,
IND-CMP-0568,There has been no regular water supply in our area for 83 days.,Water Supply,Water Supply Department,Telangana,Patna,2025-01-11,In Progress,High,83,,0,
IND-CMP-0569,The drainage system needs cleaning because wastewater is not flowing properly.,Drainage,Municipal Engineering Department,Gujarat,Jaipur,2024-03-20,In Progress,High,104,,0,
IND-CMP-0570,Several public street lights are not functioning and require maintenance.,Street Lighting,Municipal Engineering Department,Kerala,Hyderabad,2026-05-22,In Progress,High,94,,0,
IND-CMP-0571,A damaged road with potholes near the residential area has not been repaired for 111 days.,Road Damage,Public Works Department,Karnataka,Ahmedabad,2024-07-30,Resolved,High,0,2024-09-10,0,2
IND-CMP-0572,The public area has not been cleaned regularly and sanitation conditions are poor.,Sanitation,Municipal Sanitation Department,Uttar Pradesh,Ahmedabad,2025-11-10,Pending,Low,13,,0,
IND-CMP-0573,The drainage system needs cleaning because wastewater is not flowing properly.,Drainage,Municipal Engineering Department,West Bengal,Ahmedabad,2025-02-12,In Progress,High,111,,0,
IND-CMP-0574,The public area has not been cleaned regularly and sanitation conditions are poor.,Sanitation,Municipal Sanitation Department,Bihar,Mumbai,2024-02-13,Resolved,High,0,2024-04-12,0,5
IND-CMP-0575,Several public street lights are not functioning and require maintenance.,Street Lighting,Municipal Engineering Department,Gujarat,Mumbai,2025-10-13,Escalated,Medium,48,,1,
IND-CMP-0576,The scheduled public transport service has been unreliable for 94 days.,Public Transport,Transport Department,Kerala,Ahmedabad,2025-04-08,Pending,High,94,,0,
IND-CMP-0577,The drainage system needs cleaning because wastewater is not flowing properly.,Drainage,Municipal Engineering Department,Maharashtra,Mumbai,2024-05-22,Resolved,Medium,0,2024-06-11,0,2
IND-CMP-0578,Several public street lights are not functioning and require maintenance.,Street Lighting,Municipal Engineering Department,Uttar Pradesh,Visakhapatnam,2024-10-22,Resolved,Low,0,2024-11-05,0,4
IND-CMP-0579,The local public health facility is facing a service delay and residents need assistance.,Public Health,Public Health Department,Tamil Nadu,Bengaluru,2026-01-06,In Progress,High,113,,0,
IND-CMP-0580,The local public health facility is facing a service delay and residents need assistance.,Public Health,Public Health Department,Rajasthan,Mumbai,2025-05-10,Resolved,Low,0,2025-05-25,0,5
IND-CMP-0581,The public area has not been cleaned regularly and sanitation conditions are poor.,Sanitation,Municipal Sanitation Department,Gujarat,Bengaluru,2024-10-10,Pending,High,90,,0,
IND-CMP-0582,Drinking water supply is irregular and residents are facing difficulty for 118 days.,Water Supply,Water Supply Department,Karnataka,Ahmedabad,2024-09-27,Resolved,High,0,2024-10-14,0,4
IND-CMP-0583,Public transport service is irregular and commuters are facing repeated delays.,Public Transport,Transport Department,Gujarat,Lucknow,2026-03-24,Escalated,High,88,,1,
IND-CMP-0584,Repeated power-related service interruptions have affected residents for 11 days.,Electricity,Electricity Department,Telangana,Lucknow,2025-07-31,Escalated,Low,11,,1,
IND-CMP-0585,Drinking water supply is irregular and residents are facing difficulty for 104 days.,Water Supply,Water Supply Department,Kerala,Hyderabad,2024-04-18,Escalated,High,104,,1,
IND-CMP-0586,There has been no regular water supply in our area for 2 days.,Water Supply,Water Supply Department,Kerala,Bengaluru,2024-08-19,Pending,Low,2,,0,
IND-CMP-0587,Several public street lights are not functioning and require maintenance.,Street Lighting,Municipal Engineering Department,Uttar Pradesh,Bengaluru,2025-12-19,In Progress,High,110,,0,
IND-CMP-0588,The road surface is badly damaged and needs urgent maintenance.,Road Damage,Public Works Department,Bihar,Jaipur,2024-05-02,Resolved,High,0,2024-07-25,0,5
IND-CMP-0589,The scheduled public transport service has been unreliable for 46 days.,Public Transport,Transport Department,Maharashtra,Ahmedabad,2026-05-02,Pending,Medium,46,,0,
IND-CMP-0590,Street electricity infrastructure in our area has not been functioning properly for 30 days.,Electricity,Electricity Department,Madhya Pradesh,Bengaluru,2025-07-29,Resolved,High,0,2025-08-05,0,5
IND-CMP-0591,Repeated power-related service interruptions have affected residents for 102 days.,Electricity,Electricity Department,Rajasthan,Bhopal,2025-12-18,Resolved,High,0,2026-03-26,0,1
IND-CMP-0592,The local public health facility is facing a service delay and residents need assistance.,Public Health,Public Health Department,West Bengal,Ahmedabad,2025-07-03,In Progress,High,94,,0,
IND-CMP-0593,Repeated power-related service interruptions have affected residents for 73 days.,Electricity,Electricity Department,Andhra Pradesh,Hyderabad,2024-07-27,Escalated,High,73,,1,
IND-CMP-0594,Garbage collection has been irregular for 44 days and waste is accumulating.,Sanitation,Municipal Sanitation Department,Madhya Pradesh,Mumbai,2025-02-06,In Progress,Medium,44,,0,
IND-CMP-0595,The road surface is badly damaged and needs urgent maintenance.,Road Damage,Public Works Department,Gujarat,Visakhapatnam,2025-12-24,Resolved,Medium,0,2026-01-09,0,1
IND-CMP-0596,A damaged road with potholes near the residential area has not been repaired for 82 days.,Road Damage,Public Works Department,Andhra Pradesh,Chennai,2025-09-24,Pending,High,82,,0,
IND-CMP-0597,The benefit related to my welfare application has not been processed within the expected time.,Welfare Scheme,Social Welfare Department,Gujarat,Mumbai,2025-06-02,Resolved,Low,0,2025-06-11,0,4
IND-CMP-0598,My welfare scheme application has remained pending for 10 days.,Welfare Scheme,Social Welfare Department,Madhya Pradesh,Jaipur,2024-05-18,In Progress,Low,10,,0,
IND-CMP-0599,The local public health facility is facing a service delay and residents need assistance.,Public Health,Public Health Department,Gujarat,Jaipur,2026-05-18,Resolved,High,0,2026-05-19,0,5
IND-CMP-0600,Repeated power-related service interruptions have affected residents for 58 days.,Electricity,Electricity Department,Gujarat,Visakhapatnam,2024-01-09,In Progress,Medium,58,,0,
IND-CMP-0601,My certificate application has remained pending for 49 days without a clear update.,Certificates,Revenue Department,Telangana,Lucknow,2024-10-01,Resolved,Medium,0,2024-10-09,0,2
IND-CMP-0602,Street electricity infrastructure in our area has not been functioning properly for 93 days.,Electricity,Electricity Department,Madhya Pradesh,Hyderabad,2026-03-02,Pending,High,93,,0,
IND-CMP-0603,Street lights in the locality have not been working for 55 days.,Street Lighting,Municipal Engineering Department,Gujarat,Hyderabad,2025-04-25,In Progress,Medium,55,,0,
IND-CMP-0604,Several public street lights are not functioning and require maintenance.,Street Lighting,Municipal Engineering Department,Maharashtra,Lucknow,2025-07-08,Resolved,Medium,0,2025-08-09,0,1
IND-CMP-0605,There has been a delay in processing my requested government certificate.,Certificates,Revenue Department,Karnataka,Hyderabad,2025-09-14,Resolved,Low,0,2025-09-16,0,5
IND-CMP-0606,Several public street lights are not functioning and require maintenance.,Street Lighting,Municipal Engineering Department,Andhra Pradesh,Hyderabad,2024-12-27,Pending,Medium,64,,0,
IND-CMP-0607,Garbage collection has been irregular for 23 days and waste is accumulating.,Sanitation,Municipal Sanitation Department,Rajasthan,Jaipur,2026-01-28,In Progress,Low,23,,0,
IND-CMP-0608,Street lights in the locality have not been working for 15 days.,Street Lighting,Municipal Engineering Department,Bihar,Bhopal,2024-07-25,Pending,Low,15,,0,
IND-CMP-0609,Street electricity infrastructure in our area has not been functioning properly for 58 days.,Electricity,Electricity Department,Kerala,Patna,2025-05-06,In Progress,High,58,,0,
IND-CMP-0610,There has been a delay in processing my requested government certificate.,Certificates,Revenue Department,Gujarat,Hyderabad,2024-07-06,Pending,Medium,30,,0,
IND-CMP-0611,My welfare scheme application has remained pending for 37 days.,Welfare Scheme,Social Welfare Department,Madhya Pradesh,Patna,2025-07-27,Resolved,Medium,0,2025-08-04,0,1
IND-CMP-0612,Street electricity infrastructure in our area has not been functioning properly for 78 days.,Electricity,Electricity Department,Maharashtra,Bhopal,2026-06-09,In Progress,High,78,,0,
IND-CMP-0613,The public area has not been cleaned regularly and sanitation conditions are poor.,Sanitation,Municipal Sanitation Department,West Bengal,Ahmedabad,2024-08-30,Resolved,Medium,0,2024-10-01,0,4
IND-CMP-0614,Street electricity infrastructure in our area has not been functioning properly for 91 days.,Electricity,Electricity Department,Karnataka,Mumbai,2024-02-19,In Progress,High,91,,0,
IND-CMP-0615,My welfare scheme application has remained pending for 110 days.,Welfare Scheme,Social Welfare Department,Kerala,Bengaluru,2026-01-29,Resolved,High,0,2026-04-22,0,5
IND-CMP-0616,Garbage collection has been irregular for 113 days and waste is accumulating.,Sanitation,Municipal Sanitation Department,Uttar Pradesh,Ahmedabad,2024-04-26,In Progress,High,113,,0,
IND-CMP-0617,The road surface is badly damaged and needs urgent maintenance.,Road Damage,Public Works Department,Andhra Pradesh,Chennai,2024-05-13,In Progress,High,95,,0,
IND-CMP-0618,Street lights in the locality have not been working for 54 days.,Street Lighting,Municipal Engineering Department,Kerala,Ahmedabad,2025-08-15,Pending,Medium,54,,0,
IND-CMP-0619,Several public street lights are not functioning and require maintenance.,Street Lighting,Municipal Engineering Department,West Bengal,Hyderabad,2024-09-13,In Progress,Medium,42,,0,
IND-CMP-0620,Drinking water supply is irregular and residents are facing difficulty for 29 days.,Water Supply,Water Supply Department,Tamil Nadu,Hyderabad,2026-04-16,Pending,Medium,29,,0,
IND-CMP-0621,The drainage system needs cleaning because wastewater is not flowing properly.,Drainage,Municipal Engineering Department,Uttar Pradesh,Mumbai,2025-05-28,Pending,Low,4,,0,
IND-CMP-0622,The local public health facility is facing a service delay and residents need assistance.,Public Health,Public Health Department,Telangana,Bhopal,2025-11-14,Resolved,High,0,2025-12-14,0,3
IND-CMP-0623,Drainage blockage is causing water accumulation in the locality for 109 days.,Drainage,Municipal Engineering Department,Kerala,Jaipur,2025-05-20,Pending,High,109,,0,
IND-CMP-0624,Repeated power-related service interruptions have affected residents for 102 days.,Electricity,Electricity Department,Uttar Pradesh,Bengaluru,2026-04-12,Pending,High,102,,0,
IND-CMP-0625,There has been a delay in processing my requested government certificate.,Certificates,Revenue Department,Bihar,Visakhapatnam,2024-02-19,In Progress,Medium,67,,0,
IND-CMP-0626,Repeated power-related service interruptions have affected residents for 88 days.,Electricity,Electricity Department,Telangana,Chennai,2024-11-12,Resolved,High,0,2024-12-08,0,3
IND-CMP-0627,Several public street lights are not functioning and require maintenance.,Street Lighting,Municipal Engineering Department,Rajasthan,Kochi,2024-10-14,Resolved,Medium,0,2024-11-04,0,2
IND-CMP-0628,Garbage collection has been irregular for 62 days and waste is accumulating.,Sanitation,Municipal Sanitation Department,Telangana,Mumbai,2025-08-21,Pending,Medium,62,,0,
IND-CMP-0629,There has been no regular water supply in our area for 63 days.,Water Supply,Water Supply Department,Karnataka,Kochi,2025-09-12,Resolved,Medium,0,2025-11-03,0,1
IND-CMP-0630,Drinking water supply is irregular and residents are facing difficulty for 14 days.,Water Supply,Water Supply Department,West Bengal,Ahmedabad,2025-02-06,In Progress,Low,14,,0,
IND-CMP-0631,Repeated power-related service interruptions have affected residents for 86 days.,Electricity,Electricity Department,Rajasthan,Jaipur,2026-01-21,Resolved,High,0,2026-02-07,0,4
IND-CMP-0632,My certificate application has remained pending for 82 days without a clear update.,Certificates,Revenue Department,Karnataka,Bengaluru,2025-12-28,In Progress,High,82,,0,
IND-CMP-0633,The benefit related to my welfare application has not been processed within the expected time.,Welfare Scheme,Social Welfare Department,Rajasthan,Chennai,2025-09-10,In Progress,Low,1,,0,
IND-CMP-0634,Street lights in the locality have not been working for 64 days.,Street Lighting,Municipal Engineering Department,Uttar Pradesh,Chennai,2026-01-22,In Progress,Medium,64,,0,
IND-CMP-0635,Several public street lights are not functioning and require maintenance.,Street Lighting,Municipal Engineering Department,Uttar Pradesh,Chennai,2024-11-16,Pending,High,101,,0,
IND-CMP-0636,Basic public health services have not been available as expected for 68 days.,Public Health,Public Health Department,Karnataka,Kolkata,2024-03-04,Resolved,High,0,2024-04-17,0,3
IND-CMP-0637,Public transport service is irregular and commuters are facing repeated delays.,Public Transport,Transport Department,West Bengal,Jaipur,2024-01-12,Pending,High,111,,0,
IND-CMP-0638,Public transport service is irregular and commuters are facing repeated delays.,Public Transport,Transport Department,West Bengal,Visakhapatnam,2026-01-26,Pending,High,101,,0,
IND-CMP-0639,There has been a delay in processing my requested government certificate.,Certificates,Revenue Department,Rajasthan,Chennai,2024-06-19,Resolved,Low,0,2024-07-05,0,5
IND-CMP-0640,There has been no regular water supply in our area for 99 days.,Water Supply,Water Supply Department,Tamil Nadu,Kolkata,2024-11-16,In Progress,High,99,,0,
IND-CMP-0641,The local public health facility is facing a service delay and residents need assistance.,Public Health,Public Health Department,Kerala,Jaipur,2024-04-05,Resolved,High,0,2024-04-22,0,1
IND-CMP-0642,There has been no regular water supply in our area for 90 days.,Water Supply,Water Supply Department,Kerala,Kolkata,2024-06-29,Pending,High,90,,0,
IND-CMP-0643,Public transport service is irregular and commuters are facing repeated delays.,Public Transport,Transport Department,Maharashtra,Bengaluru,2024-05-11,In Progress,Low,1,,0,
IND-CMP-0644,Garbage collection has been irregular for 53 days and waste is accumulating.,Sanitation,Municipal Sanitation Department,Bihar,Visakhapatnam,2026-05-28,Pending,Medium,53,,0,
IND-CMP-0645,The drainage system needs cleaning because wastewater is not flowing properly.,Drainage,Municipal Engineering Department,Tamil Nadu,Patna,2025-01-24,In Progress,Medium,71,,0,
IND-CMP-0646,Drainage blockage is causing water accumulation in the locality for 20 days.,Drainage,Municipal Engineering Department,Uttar Pradesh,Mumbai,2024-02-20,In Progress,High,20,,0,
IND-CMP-0647,The local public health facility is facing a service delay and residents need assistance.,Public Health,Public Health Department,Kerala,Mumbai,2025-06-25,In Progress,High,88,,0,
IND-CMP-0648,My certificate application has remained pending for 62 days without a clear update.,Certificates,Revenue Department,Maharashtra,Visakhapatnam,2024-09-24,Pending,Medium,62,,0,
IND-CMP-0649,Street lights in the locality have not been working for 75 days.,Street Lighting,Municipal Engineering Department,Bihar,Bengaluru,2024-05-26,Escalated,Medium,75,,1,
IND-CMP-0650,The drainage system needs cleaning because wastewater is not flowing properly.,Drainage,Municipal Engineering Department,Kerala,Bengaluru,2025-11-13,Resolved,Low,0,2025-11-16,0,2
IND-CMP-0651,Drainage blockage is causing water accumulation in the locality for 93 days.,Drainage,Municipal Engineering Department,West Bengal,Bengaluru,2024-12-04,Resolved,High,0,2025-02-15,0,1
IND-CMP-0652,The public area has not been cleaned regularly and sanitation conditions are poor.,Sanitation,Municipal Sanitation Department,Gujarat,Patna,2024-10-10,In Progress,Medium,56,,0,
IND-CMP-0653,Basic public health services have not been available as expected for 48 days.,Public Health,Public Health Department,West Bengal,Visakhapatnam,2026-01-09,Resolved,High,0,2026-02-12,0,5
IND-CMP-0654,The road surface is badly damaged and needs urgent maintenance.,Road Damage,Public Works Department,Kerala,Lucknow,2024-02-19,Resolved,High,0,2024-03-31,0,3
IND-CMP-0655,The drainage system needs cleaning because wastewater is not flowing properly.,Drainage,Municipal Engineering Department,Tamil Nadu,Visakhapatnam,2025-11-20,Resolved,High,0,2025-11-22,0,5
IND-CMP-0656,My certificate application has remained pending for 114 days without a clear update.,Certificates,Revenue Department,Madhya Pradesh,Hyderabad,2025-11-17,Pending,High,114,,0,
IND-CMP-0657,My certificate application has remained pending for 43 days without a clear update.,Certificates,Revenue Department,Kerala,Lucknow,2025-07-30,Resolved,Medium,0,2025-08-27,0,2
IND-CMP-0658,My certificate application has remained pending for 31 days without a clear update.,Certificates,Revenue Department,Andhra Pradesh,Jaipur,2024-05-02,In Progress,Medium,31,,0,
IND-CMP-0659,Public transport service is irregular and commuters are facing repeated delays.,Public Transport,Transport Department,Madhya Pradesh,Bengaluru,2025-06-19,In Progress,Medium,55,,0,
IND-CMP-0660,There has been a delay in processing my requested government certificate.,Certificates,Revenue Department,Maharashtra,Patna,2024-07-02,Resolved,High,0,2024-08-27,0,5
IND-CMP-0661,A damaged road with potholes near the residential area has not been repaired for 93 days.,Road Damage,Public Works Department,Uttar Pradesh,Kolkata,2026-03-02,Resolved,High,0,2026-05-16,0,3
IND-CMP-0662,Several public street lights are not functioning and require maintenance.,Street Lighting,Municipal Engineering Department,Karnataka,Visakhapatnam,2025-09-12,Pending,High,120,,0,
IND-CMP-0663,Drainage blockage is causing water accumulation in the locality for 56 days.,Drainage,Municipal Engineering Department,Uttar Pradesh,Kolkata,2025-10-16,Pending,High,56,,0,
IND-CMP-0664,There has been no regular water supply in our area for 2 days.,Water Supply,Water Supply Department,Kerala,Chennai,2024-05-18,Pending,Low,2,,0,
IND-CMP-0665,Basic public health services have not been available as expected for 88 days.,Public Health,Public Health Department,Tamil Nadu,Patna,2025-01-20,Resolved,High,0,2025-04-10,0,4
IND-CMP-0666,Garbage collection has been irregular for 113 days and waste is accumulating.,Sanitation,Municipal Sanitation Department,Uttar Pradesh,Ahmedabad,2025-09-07,Resolved,High,0,2025-09-15,0,1
IND-CMP-0667,My welfare scheme application has remained pending for 96 days.,Welfare Scheme,Social Welfare Department,Uttar Pradesh,Patna,2026-04-09,In Progress,High,96,,0,
IND-CMP-0668,Repeated power-related service interruptions have affected residents for 65 days.,Electricity,Electricity Department,Rajasthan,Kochi,2024-07-03,Resolved,High,0,2024-08-23,0,1
IND-CMP-0669,My certificate application has remained pending for 54 days without a clear update.,Certificates,Revenue Department,Andhra Pradesh,Chennai,2025-03-22,In Progress,Medium,54,,0,
IND-CMP-0670,Drainage blockage is causing water accumulation in the locality for 69 days.,Drainage,Municipal Engineering Department,Maharashtra,Lucknow,2026-04-11,Pending,Medium,69,,0,
IND-CMP-0671,There has been no regular water supply in our area for 99 days.,Water Supply,Water Supply Department,Rajasthan,Bengaluru,2025-03-18,Resolved,High,0,2025-05-29,0,5
IND-CMP-0672,The public area has not been cleaned regularly and sanitation conditions are poor.,Sanitation,Municipal Sanitation Department,Gujarat,Hyderabad,2026-05-04,Resolved,Low,0,2026-05-07,0,3
IND-CMP-0673,The benefit related to my welfare application has not been processed within the expected time.,Welfare Scheme,Social Welfare Department,Rajasthan,Visakhapatnam,2025-12-14,In Progress,High,78,,0,
IND-CMP-0674,Several public street lights are not functioning and require maintenance.,Street Lighting,Municipal Engineering Department,Gujarat,Lucknow,2026-06-03,In Progress,Medium,75,,0,
IND-CMP-0675,Street electricity infrastructure in our area has not been functioning properly for 79 days.,Electricity,Electricity Department,Karnataka,Mumbai,2024-01-27,Pending,High,79,,0,
IND-CMP-0676,Street lights in the locality have not been working for 77 days.,Street Lighting,Municipal Engineering Department,Kerala,Jaipur,2025-09-11,In Progress,High,77,,0,
IND-CMP-0677,Several public street lights are not functioning and require maintenance.,Street Lighting,Municipal Engineering Department,Maharashtra,Lucknow,2025-05-05,Resolved,High,0,2025-05-15,0,2
IND-CMP-0678,The local public health facility is facing a service delay and residents need assistance.,Public Health,Public Health Department,Gujarat,Chennai,2024-08-28,Resolved,Medium,0,2024-09-15,0,5
IND-CMP-0679,My welfare scheme application has remained pending for 118 days.,Welfare Scheme,Social Welfare Department,Madhya Pradesh,Hyderabad,2024-05-03,Escalated,High,118,,1,
IND-CMP-0680,There has been no regular water supply in our area for 109 days.,Water Supply,Water Supply Department,Karnataka,Ahmedabad,2025-10-31,In Progress,High,109,,0,
IND-CMP-0681,Drinking water supply is irregular and residents are facing difficulty for 47 days.,Water Supply,Water Supply Department,Telangana,Jaipur,2025-09-21,Escalated,Medium,47,,1,
IND-CMP-0682,My welfare scheme application has remained pending for 15 days.,Welfare Scheme,Social Welfare Department,Tamil Nadu,Kolkata,2025-02-19,Pending,Low,15,,0,
IND-CMP-0683,Public transport service is irregular and commuters are facing repeated delays.,Public Transport,Transport Department,Maharashtra,Kolkata,2024-12-23,Pending,Medium,45,,0,
IND-CMP-0684,There has been no regular water supply in our area for 99 days.,Water Supply,Water Supply Department,Telangana,Kochi,2024-10-18,Pending,High,99,,0,
IND-CMP-0685,My welfare scheme application has remained pending for 70 days.,Welfare Scheme,Social Welfare Department,Rajasthan,Jaipur,2025-10-07,In Progress,Medium,70,,0,
IND-CMP-0686,Repeated power-related service interruptions have affected residents for 95 days.,Electricity,Electricity Department,Andhra Pradesh,Mumbai,2025-02-11,In Progress,High,95,,0,
IND-CMP-0687,There has been a delay in processing my requested government certificate.,Certificates,Revenue Department,Tamil Nadu,Kolkata,2025-09-21,Pending,Low,22,,0,
IND-CMP-0688,Several public street lights are not functioning and require maintenance.,Street Lighting,Municipal Engineering Department,Kerala,Lucknow,2026-06-02,Pending,Medium,44,,0,
IND-CMP-0689,Drinking water supply is irregular and residents are facing difficulty for 97 days.,Water Supply,Water Supply Department,Gujarat,Bengaluru,2025-09-07,Escalated,High,97,,1,
IND-CMP-0690,The public area has not been cleaned regularly and sanitation conditions are poor.,Sanitation,Municipal Sanitation Department,Rajasthan,Chennai,2024-03-11,In Progress,High,84,,0,
IND-CMP-0691,My welfare scheme application has remained pending for 99 days.,Welfare Scheme,Social Welfare Department,Rajasthan,Kolkata,2024-07-18,In Progress,High,99,,0,
IND-CMP-0692,Several public street lights are not functioning and require maintenance.,Street Lighting,Municipal Engineering Department,Tamil Nadu,Jaipur,2025-06-13,Pending,High,91,,0,
IND-CMP-0693,The public area has not been cleaned regularly and sanitation conditions are poor.,Sanitation,Municipal Sanitation Department,Tamil Nadu,Visakhapatnam,2024-01-23,Pending,High,119,,0,
IND-CMP-0694,A damaged road with potholes near the residential area has not been repaired for 80 days.,Road Damage,Public Works Department,Rajasthan,Mumbai,2025-02-12,Resolved,High,0,2025-03-30,0,2
IND-CMP-0695,The scheduled public transport service has been unreliable for 82 days.,Public Transport,Transport Department,Kerala,Mumbai,2024-06-10,Pending,High,82,,0,
IND-CMP-0696,Repeated power-related service interruptions have affected residents for 18 days.,Electricity,Electricity Department,Madhya Pradesh,Kolkata,2024-02-11,Pending,High,18,,0,
IND-CMP-0697,Public transport service is irregular and commuters are facing repeated delays.,Public Transport,Transport Department,Rajasthan,Patna,2024-06-01,Resolved,Medium,0,2024-06-30,0,5
IND-CMP-0698,There has been no regular water supply in our area for 119 days.,Water Supply,Water Supply Department,West Bengal,Patna,2024-10-21,Pending,High,119,,0,
IND-CMP-0699,Public transport service is irregular and commuters are facing repeated delays.,Public Transport,Transport Department,Andhra Pradesh,Jaipur,2026-04-23,Resolved,High,0,2026-06-25,0,1
IND-CMP-0700,The benefit related to my welfare application has not been processed within the expected time.,Welfare Scheme,Social Welfare Department,Andhra Pradesh,Bhopal,2025-06-27,Pending,Low,8,,0,
IND-CMP-0701,Street electricity infrastructure in our area has not been functioning properly for 74 days.,Electricity,Electricity Department,West Bengal,Bengaluru,2025-04-21,Pending,Medium,74,,0,
IND-CMP-0702,My certificate application has remained pending for 44 days without a clear update.,Certificates,Revenue Department,Tamil Nadu,Jaipur,2026-02-01,In Progress,Medium,44,,0,
IND-CMP-0703,Several public street lights are not functioning and require maintenance.,Street Lighting,Municipal Engineering Department,Gujarat,Ahmedabad,2024-12-16,Pending,High,88,,0,
IND-CMP-0704,Drainage blockage is causing water accumulation in the locality for 87 days.,Drainage,Municipal Engineering Department,Gujarat,Ahmedabad,2025-08-21,In Progress,High,87,,0,
IND-CMP-0705,Basic public health services have not been available as expected for 36 days.,Public Health,Public Health Department,Gujarat,Lucknow,2025-12-08,In Progress,Medium,36,,0,
IND-CMP-0706,Garbage collection has been irregular for 116 days and waste is accumulating.,Sanitation,Municipal Sanitation Department,West Bengal,Bhopal,2024-03-13,In Progress,High,116,,0,
IND-CMP-0707,A damaged road with potholes near the residential area has not been repaired for 66 days.,Road Damage,Public Works Department,Bihar,Patna,2024-09-20,Pending,Medium,66,,0,
IND-CMP-0708,Street lights in the locality have not been working for 101 days.,Street Lighting,Municipal Engineering Department,Maharashtra,Chennai,2024-05-01,Resolved,High,0,2024-07-01,0,4
IND-CMP-0709,Public transport service is irregular and commuters are facing repeated delays.,Public Transport,Transport Department,Tamil Nadu,Kolkata,2024-12-29,Pending,Low,16,,0,
IND-CMP-0710,There has been no regular water supply in our area for 18 days.,Water Supply,Water Supply Department,Gujarat,Patna,2025-04-16,In Progress,Low,18,,0,
IND-CMP-0711,The benefit related to my welfare application has not been processed within the expected time.,Welfare Scheme,Social Welfare Department,Maharashtra,Mumbai,2025-07-02,Resolved,Low,0,2025-07-03,0,2
IND-CMP-0712,Basic public health services have not been available as expected for 45 days.,Public Health,Public Health Department,Madhya Pradesh,Visakhapatnam,2025-03-16,In Progress,Medium,45,,0,
IND-CMP-0713,Public transport service is irregular and commuters are facing repeated delays.,Public Transport,Transport Department,Gujarat,Patna,2024-12-15,Pending,High,91,,0,
IND-CMP-0714,There has been a delay in processing my requested government certificate.,Certificates,Revenue Department,Maharashtra,Bengaluru,2024-12-17,In Progress,High,78,,0,
IND-CMP-0715,The public area has not been cleaned regularly and sanitation conditions are poor.,Sanitation,Municipal Sanitation Department,West Bengal,Mumbai,2026-02-19,Escalated,Low,19,,1,
IND-CMP-0716,The road surface is badly damaged and needs urgent maintenance.,Road Damage,Public Works Department,Bihar,Hyderabad,2024-11-18,In Progress,Medium,45,,0,
IND-CMP-0717,Garbage collection has been irregular for 46 days and waste is accumulating.,Sanitation,Municipal Sanitation Department,Kerala,Visakhapatnam,2025-12-29,In Progress,Medium,46,,0,
IND-CMP-0718,The road surface is badly damaged and needs urgent maintenance.,Road Damage,Public Works Department,Andhra Pradesh,Patna,2024-06-06,In Progress,High,85,,0,
IND-CMP-0719,The public area has not been cleaned regularly and sanitation conditions are poor.,Sanitation,Municipal Sanitation Department,Madhya Pradesh,Bhopal,2025-07-13,Pending,Low,10,,0,
IND-CMP-0720,The local public health facility is facing a service delay and residents need assistance.,Public Health,Public Health Department,Telangana,Bhopal,2025-10-15,Pending,Low,17,,0,
IND-CMP-0721,There has been a delay in processing my requested government certificate.,Certificates,Revenue Department,Andhra Pradesh,Hyderabad,2025-10-17,Resolved,Medium,0,2025-10-31,0,3
IND-CMP-0722,Basic public health services have not been available as expected for 13 days.,Public Health,Public Health Department,Andhra Pradesh,Hyderabad,2026-04-27,Resolved,High,0,2026-05-03,0,2
IND-CMP-0723,Basic public health services have not been available as expected for 56 days.,Public Health,Public Health Department,Tamil Nadu,Ahmedabad,2026-05-06,Resolved,Medium,0,2026-06-13,0,5
IND-CMP-0724,The drainage system needs cleaning because wastewater is not flowing properly.,Drainage,Municipal Engineering Department,Uttar Pradesh,Bengaluru,2026-05-01,In Progress,Medium,27,,0,
IND-CMP-0725,Garbage collection has been irregular for 2 days and waste is accumulating.,Sanitation,Municipal Sanitation Department,Karnataka,Hyderabad,2026-03-07,In Progress,Low,2,,0,
IND-CMP-0726,The benefit related to my welfare application has not been processed within the expected time.,Welfare Scheme,Social Welfare Department,Telangana,Hyderabad,2025-11-03,Pending,High,90,,0,
IND-CMP-0727,My welfare scheme application has remained pending for 38 days.,Welfare Scheme,Social Welfare Department,Uttar Pradesh,Ahmedabad,2026-01-11,In Progress,Medium,38,,0,
IND-CMP-0728,Several public street lights are not functioning and require maintenance.,Street Lighting,Municipal Engineering Department,Karnataka,Jaipur,2026-01-08,In Progress,High,82,,0,
IND-CMP-0729,My welfare scheme application has remained pending for 115 days.,Welfare Scheme,Social Welfare Department,Bihar,Kolkata,2025-04-13,In Progress,High,115,,0,
IND-CMP-0730,There has been no regular water supply in our area for 119 days.,Water Supply,Water Supply Department,Tamil Nadu,Ahmedabad,2024-10-27,In Progress,High,119,,0,
IND-CMP-0731,The scheduled public transport service has been unreliable for 67 days.,Public Transport,Transport Department,Karnataka,Mumbai,2026-04-06,Resolved,Medium,0,2026-04-11,0,2
IND-CMP-0732,A damaged road with potholes near the residential area has not been repaired for 8 days.,Road Damage,Public Works Department,Rajasthan,Hyderabad,2025-09-27,Resolved,Low,0,2025-09-30,0,1
IND-CMP-0733,There has been a delay in processing my requested government certificate.,Certificates,Revenue Department,Karnataka,Jaipur,2025-10-26,Resolved,Low,0,2025-10-30,0,5
IND-CMP-0734,Repeated power-related service interruptions have affected residents for 107 days.,Electricity,Electricity Department,Gujarat,Chennai,2026-03-05,Pending,High,107,,0,
IND-CMP-0735,The local public health facility is facing a service delay and residents need assistance.,Public Health,Public Health Department,Telangana,Hyderabad,2026-02-10,Pending,Medium,40,,0,
IND-CMP-0736,Street electricity infrastructure in our area has not been functioning properly for 92 days.,Electricity,Electricity Department,Andhra Pradesh,Kolkata,2024-08-05,Escalated,High,92,,1,
IND-CMP-0737,The scheduled public transport service has been unreliable for 61 days.,Public Transport,Transport Department,Uttar Pradesh,Visakhapatnam,2026-06-10,Pending,Medium,61,,0,
IND-CMP-0738,Garbage collection has been irregular for 68 days and waste is accumulating.,Sanitation,Municipal Sanitation Department,Bihar,Kolkata,2024-12-24,Resolved,Medium,0,2025-02-12,0,1
IND-CMP-0739,Drinking water supply is irregular and residents are facing difficulty for 17 days.,Water Supply,Water Supply Department,Rajasthan,Visakhapatnam,2024-11-27,Pending,Low,17,,0,
IND-CMP-0740,There has been no regular water supply in our area for 91 days.,Water Supply,Water Supply Department,West Bengal,Kochi,2026-01-30,Pending,High,91,,0,
IND-CMP-0741,Street lights in the locality have not been working for 12 days.,Street Lighting,Municipal Engineering Department,Gujarat,Visakhapatnam,2024-05-06,Pending,Low,12,,0,
IND-CMP-0742,My certificate application has remained pending for 71 days without a clear update.,Certificates,Revenue Department,West Bengal,Hyderabad,2025-10-27,In Progress,Medium,71,,0,
IND-CMP-0743,There has been a delay in processing my requested government certificate.,Certificates,Revenue Department,Gujarat,Lucknow,2025-01-07,Pending,High,114,,0,
IND-CMP-0744,There has been no regular water supply in our area for 21 days.,Water Supply,Water Supply Department,Uttar Pradesh,Kochi,2024-08-15,Escalated,Low,21,,1,
IND-CMP-0745,The benefit related to my welfare application has not been processed within the expected time.,Welfare Scheme,Social Welfare Department,Andhra Pradesh,Jaipur,2025-08-14,Pending,High,93,,0,
IND-CMP-0746,There has been a delay in processing my requested government certificate.,Certificates,Revenue Department,Bihar,Ahmedabad,2025-05-18,Resolved,Medium,0,2025-05-29,0,3
IND-CMP-0747,A damaged road with potholes near the residential area has not been repaired for 62 days.,Road Damage,Public Works Department,Uttar Pradesh,Jaipur,2024-05-26,In Progress,Medium,62,,0,
IND-CMP-0748,My welfare scheme application has remained pending for 23 days.,Welfare Scheme,Social Welfare Department,Andhra Pradesh,Lucknow,2025-12-25,Escalated,Low,23,,1,
IND-CMP-0749,A damaged road with potholes near the residential area has not been repaired for 54 days.,Road Damage,Public Works Department,Madhya Pradesh,Hyderabad,2024-05-01,In Progress,Medium,54,,0,
IND-CMP-0750,Street electricity infrastructure in our area has not been functioning properly for 71 days.,Electricity,Electricity Department,Bihar,Kochi,2024-05-15,Resolved,Medium,0,2024-07-12,0,5
IND-CMP-0751,The drainage system needs cleaning because wastewater is not flowing properly.,Drainage,Municipal Engineering Department,Telangana,Mumbai,2024-11-10,Pending,High,107,,0,
IND-CMP-0752,The benefit related to my welfare application has not been processed within the expected time.,Welfare Scheme,Social Welfare Department,Madhya Pradesh,Kolkata,2026-03-17,Resolved,High,0,2026-06-24,0,5
IND-CMP-0753,The local public health facility is facing a service delay and residents need assistance.,Public Health,Public Health Department,Bihar,Hyderabad,2024-07-19,Escalated,High,59,,1,
IND-CMP-0754,There has been no regular water supply in our area for 44 days.,Water Supply,Water Supply Department,Maharashtra,Kolkata,2025-04-12,Resolved,Medium,0,2025-05-15,0,2
IND-CMP-0755,Drainage blockage is causing water accumulation in the locality for 68 days.,Drainage,Municipal Engineering Department,Telangana,Kolkata,2024-08-08,Resolved,High,0,2024-10-06,0,3
IND-CMP-0756,There has been a delay in processing my requested government certificate.,Certificates,Revenue Department,Andhra Pradesh,Kochi,2024-11-11,Escalated,High,78,,1,
IND-CMP-0757,A damaged road with potholes near the residential area has not been repaired for 16 days.,Road Damage,Public Works Department,Andhra Pradesh,Mumbai,2024-09-05,Pending,Low,16,,0,
IND-CMP-0758,The scheduled public transport service has been unreliable for 99 days.,Public Transport,Transport Department,Tamil Nadu,Bhopal,2026-03-01,In Progress,High,99,,0,
IND-CMP-0759,The public area has not been cleaned regularly and sanitation conditions are poor.,Sanitation,Municipal Sanitation Department,Bihar,Ahmedabad,2025-08-05,Resolved,Medium,0,2025-08-28,0,5
IND-CMP-0760,Public transport service is irregular and commuters are facing repeated delays.,Public Transport,Transport Department,Kerala,Visakhapatnam,2025-08-03,Pending,Medium,63,,0,
IND-CMP-0761,Several public street lights are not functioning and require maintenance.,Street Lighting,Municipal Engineering Department,Telangana,Jaipur,2025-05-08,Resolved,Medium,0,2025-07-11,0,3
IND-CMP-0762,The public area has not been cleaned regularly and sanitation conditions are poor.,Sanitation,Municipal Sanitation Department,Uttar Pradesh,Jaipur,2025-01-14,Resolved,High,0,2025-02-06,0,1
IND-CMP-0763,The public area has not been cleaned regularly and sanitation conditions are poor.,Sanitation,Municipal Sanitation Department,Madhya Pradesh,Mumbai,2025-06-04,Pending,Medium,51,,0,
IND-CMP-0764,My welfare scheme application has remained pending for 14 days.,Welfare Scheme,Social Welfare Department,Kerala,Bhopal,2026-05-06,Pending,Low,14,,0,
IND-CMP-0765,Repeated power-related service interruptions have affected residents for 43 days.,Electricity,Electricity Department,Telangana,Bhopal,2024-04-10,Resolved,Medium,0,2024-04-28,0,1
IND-CMP-0766,The public area has not been cleaned regularly and sanitation conditions are poor.,Sanitation,Municipal Sanitation Department,Maharashtra,Mumbai,2024-10-30,Pending,High,98,,0,
IND-CMP-0767,There has been no regular water supply in our area for 38 days.,Water Supply,Water Supply Department,Rajasthan,Visakhapatnam,2025-12-05,In Progress,Medium,38,,0,
IND-CMP-0768,The local public health facility is facing a service delay and residents need assistance.,Public Health,Public Health Department,Rajasthan,Visakhapatnam,2024-01-25,Resolved,High,0,2024-02-05,0,3
IND-CMP-0769,The road surface is badly damaged and needs urgent maintenance.,Road Damage,Public Works Department,Kerala,Visakhapatnam,2024-11-14,Resolved,Medium,0,2024-12-30,0,3
IND-CMP-0770,Several public street lights are not functioning and require maintenance.,Street Lighting,Municipal Engineering Department,Tamil Nadu,Kolkata,2024-06-06,In Progress,High,86,,0,
IND-CMP-0771,The scheduled public transport service has been unreliable for 27 days.,Public Transport,Transport Department,Bihar,Chennai,2024-08-14,Pending,Medium,27,,0,
IND-CMP-0772,My certificate application has remained pending for 36 days without a clear update.,Certificates,Revenue Department,Telangana,Hyderabad,2025-10-15,In Progress,Medium,36,,0,
IND-CMP-0773,Garbage collection has been irregular for 6 days and waste is accumulating.,Sanitation,Municipal Sanitation Department,West Bengal,Mumbai,2024-03-07,Pending,Low,6,,0,
IND-CMP-0774,Garbage collection has been irregular for 77 days and waste is accumulating.,Sanitation,Municipal Sanitation Department,West Bengal,Mumbai,2024-05-02,In Progress,High,77,,0,
IND-CMP-0775,The road surface is badly damaged and needs urgent maintenance.,Road Damage,Public Works Department,Rajasthan,Kochi,2024-01-25,In Progress,High,114,,0,
IND-CMP-0776,My certificate application has remained pending for 78 days without a clear update.,Certificates,Revenue Department,Telangana,Bengaluru,2024-12-25,Pending,High,78,,0,
IND-CMP-0777,Several public street lights are not functioning and require maintenance.,Street Lighting,Municipal Engineering Department,Maharashtra,Ahmedabad,2026-03-26,Resolved,High,0,2026-04-30,0,4
IND-CMP-0778,The road surface is badly damaged and needs urgent maintenance.,Road Damage,Public Works Department,Uttar Pradesh,Hyderabad,2025-02-25,Resolved,High,0,2025-04-13,0,2
IND-CMP-0779,Several public street lights are not functioning and require maintenance.,Street Lighting,Municipal Engineering Department,Madhya Pradesh,Lucknow,2026-05-20,Resolved,High,0,2026-06-12,0,2
IND-CMP-0780,The public area has not been cleaned regularly and sanitation conditions are poor.,Sanitation,Municipal Sanitation Department,Andhra Pradesh,Kochi,2024-12-02,Resolved,High,0,2024-12-22,0,1
IND-CMP-0781,The road surface is badly damaged and needs urgent maintenance.,Road Damage,Public Works Department,Andhra Pradesh,Kolkata,2025-03-29,Resolved,Medium,0,2025-04-10,0,4
IND-CMP-0782,The local public health facility is facing a service delay and residents need assistance.,Public Health,Public Health Department,West Bengal,Kochi,2024-12-29,Resolved,High,0,2025-01-31,0,3
IND-CMP-0783,The road surface is badly damaged and needs urgent maintenance.,Road Damage,Public Works Department,Bihar,Bhopal,2024-12-07,Resolved,High,0,2024-12-25,0,5
IND-CMP-0784,My welfare scheme application has remained pending for 93 days.,Welfare Scheme,Social Welfare Department,Andhra Pradesh,Mumbai,2026-03-20,In Progress,High,93,,0,
IND-CMP-0785,Drinking water supply is irregular and residents are facing difficulty for 80 days.,Water Supply,Water Supply Department,Bihar,Mumbai,2025-12-29,Resolved,High,0,2026-03-16,0,2
IND-CMP-0786,There has been no regular water supply in our area for 104 days.,Water Supply,Water Supply Department,Karnataka,Bengaluru,2025-06-05,Pending,High,104,,0,
IND-CMP-0787,Street lights in the locality have not been working for 114 days.,Street Lighting,Municipal Engineering Department,Telangana,Bengaluru,2026-04-29,Resolved,High,0,2026-08-13,0,5
IND-CMP-0788,Street lights in the locality have not been working for 109 days.,Street Lighting,Municipal Engineering Department,Telangana,Hyderabad,2025-08-25,Pending,High,109,,0,
IND-CMP-0789,There has been no regular water supply in our area for 119 days.,Water Supply,Water Supply Department,Madhya Pradesh,Hyderabad,2026-04-04,Escalated,High,119,,1,
IND-CMP-0790,There has been no regular water supply in our area for 115 days.,Water Supply,Water Supply Department,Kerala,Kochi,2025-04-09,Pending,High,115,,0,
IND-CMP-0791,Repeated power-related service interruptions have affected residents for 43 days.,Electricity,Electricity Department,West Bengal,Chennai,2025-08-28,In Progress,High,43,,0,
IND-CMP-0792,The road surface is badly damaged and needs urgent maintenance.,Road Damage,Public Works Department,Maharashtra,Chennai,2025-08-14,Escalated,High,112,,1,
IND-CMP-0793,Drinking water supply is irregular and residents are facing difficulty for 38 days.,Water Supply,Water Supply Department,Maharashtra,Patna,2024-06-17,Resolved,Medium,0,2024-07-20,0,1
IND-CMP-0794,Basic public health services have not been available as expected for 120 days.,Public Health,Public Health Department,Rajasthan,Kolkata,2026-01-26,In Progress,High,120,,0,
IND-CMP-0795,There has been a delay in processing my requested government certificate.,Certificates,Revenue Department,Karnataka,Chennai,2024-03-01,Pending,Medium,35,,0,
IND-CMP-0796,Public transport service is irregular and commuters are facing repeated delays.,Public Transport,Transport Department,Uttar Pradesh,Bengaluru,2026-03-19,Resolved,High,0,2026-05-26,0,3
IND-CMP-0797,The road surface is badly damaged and needs urgent maintenance.,Road Damage,Public Works Department,Andhra Pradesh,Jaipur,2024-06-21,In Progress,Low,21,,0,
IND-CMP-0798,Garbage collection has been irregular for 106 days and waste is accumulating.,Sanitation,Municipal Sanitation Department,Tamil Nadu,Kolkata,2025-04-22,Resolved,High,0,2025-07-08,0,5
IND-CMP-0799,A damaged road with potholes near the residential area has not been repaired for 111 days.,Road Damage,Public Works Department,Tamil Nadu,Lucknow,2024-09-12,Pending,High,111,,0,
IND-CMP-0800,The public area has not been cleaned regularly and sanitation conditions are poor.,Sanitation,Municipal Sanitation Department,Rajasthan,Chennai,2025-06-24,Resolved,Medium,0,2025-08-02,0,5
IND-CMP-0801,Drainage blockage is causing water accumulation in the locality for 23 days.,Drainage,Municipal Engineering Department,Maharashtra,Mumbai,2026-01-13,Escalated,Low,23,,1,
IND-CMP-0802,Street lights in the locality have not been working for 112 days.,Street Lighting,Municipal Engineering Department,Tamil Nadu,Ahmedabad,2024-02-18,Resolved,High,0,2024-04-20,0,1
IND-CMP-0803,Public transport service is irregular and commuters are facing repeated delays.,Public Transport,Transport Department,Rajasthan,Mumbai,2024-10-26,In Progress,Low,19,,0,
IND-CMP-0804,The road surface is badly damaged and needs urgent maintenance.,Road Damage,Public Works Department,Bihar,Jaipur,2025-08-09,Pending,High,116,,0,
IND-CMP-0805,There has been a delay in processing my requested government certificate.,Certificates,Revenue Department,West Bengal,Bhopal,2024-03-17,In Progress,Medium,71,,0,
IND-CMP-0806,Street lights in the locality have not been working for 34 days.,Street Lighting,Municipal Engineering Department,Karnataka,Kolkata,2024-01-13,Resolved,Medium,0,2024-02-14,0,3
IND-CMP-0807,Street lights in the locality have not been working for 100 days.,Street Lighting,Municipal Engineering Department,Rajasthan,Visakhapatnam,2024-02-14,In Progress,High,100,,0,
IND-CMP-0808,Garbage collection has been irregular for 113 days and waste is accumulating.,Sanitation,Municipal Sanitation Department,Madhya Pradesh,Jaipur,2025-04-30,Pending,High,113,,0,
IND-CMP-0809,There has been no regular water supply in our area for 78 days.,Water Supply,Water Supply Department,Uttar Pradesh,Bhopal,2025-10-14,In Progress,High,78,,0,
IND-CMP-0810,There has been no regular water supply in our area for 27 days.,Water Supply,Water Supply Department,Telangana,Visakhapatnam,2025-03-06,In Progress,Medium,27,,0,
IND-CMP-0811,Street electricity infrastructure in our area has not been functioning properly for 72 days.,Electricity,Electricity Department,Bihar,Lucknow,2025-06-11,Pending,Medium,72,,0,
IND-CMP-0812,There has been a delay in processing my requested government certificate.,Certificates,Revenue Department,Maharashtra,Ahmedabad,2024-10-13,In Progress,Medium,61,,0,
IND-CMP-0813,There has been a delay in processing my requested government certificate.,Certificates,Revenue Department,Uttar Pradesh,Bhopal,2025-12-23,Resolved,Low,0,2025-12-24,0,2
IND-CMP-0814,The road surface is badly damaged and needs urgent maintenance.,Road Damage,Public Works Department,Maharashtra,Patna,2025-09-18,Resolved,Medium,0,2025-09-21,0,3
IND-CMP-0815,Street electricity infrastructure in our area has not been functioning properly for 46 days.,Electricity,Electricity Department,Kerala,Ahmedabad,2024-07-11,Resolved,Medium,0,2024-08-12,0,4
IND-CMP-0816,The benefit related to my welfare application has not been processed within the expected time.,Welfare Scheme,Social Welfare Department,Madhya Pradesh,Kochi,2025-10-02,Pending,Medium,63,,0,
IND-CMP-0817,Repeated power-related service interruptions have affected residents for 55 days.,Electricity,Electricity Department,Maharashtra,Visakhapatnam,2025-06-16,In Progress,High,55,,0,
IND-CMP-0818,The scheduled public transport service has been unreliable for 29 days.,Public Transport,Transport Department,Rajasthan,Bhopal,2026-02-20,Resolved,Medium,0,2026-03-02,0,1
IND-CMP-0819,Repeated power-related service interruptions have affected residents for 18 days.,Electricity,Electricity Department,Tamil Nadu,Visakhapatnam,2024-08-05,In Progress,High,18,,0,
IND-CMP-0820,The benefit related to my welfare application has not been processed within the expected time.,Welfare Scheme,Social Welfare Department,West Bengal,Lucknow,2024-01-19,Resolved,Medium,0,2024-01-31,0,5
IND-CMP-0821,The drainage system needs cleaning because wastewater is not flowing properly.,Drainage,Municipal Engineering Department,Tamil Nadu,Bhopal,2024-03-13,Resolved,Medium,0,2024-03-25,0,1
IND-CMP-0822,Drainage blockage is causing water accumulation in the locality for 46 days.,Drainage,Municipal Engineering Department,Gujarat,Bhopal,2024-11-12,Resolved,Medium,0,2024-12-18,0,3
IND-CMP-0823,Street lights in the locality have not been working for 86 days.,Street Lighting,Municipal Engineering Department,Kerala,Bengaluru,2024-10-23,Pending,High,86,,0,
IND-CMP-0824,There has been a delay in processing my requested government certificate.,Certificates,Revenue Department,Gujarat,Chennai,2024-01-27,In Progress,Medium,70,,0,
IND-CMP-0825,There has been a delay in processing my requested government certificate.,Certificates,Revenue Department,Uttar Pradesh,Lucknow,2025-10-26,Resolved,Low,0,2025-11-02,0,1
IND-CMP-0826,Street electricity infrastructure in our area has not been functioning properly for 76 days.,Electricity,Electricity Department,Bihar,Jaipur,2024-02-29,Pending,High,76,,0,
IND-CMP-0827,Street electricity infrastructure in our area has not been functioning properly for 22 days.,Electricity,Electricity Department,Maharashtra,Bhopal,2024-05-28,Resolved,High,0,2024-06-17,0,1
IND-CMP-0828,A damaged road with potholes near the residential area has not been repaired for 38 days.,Road Damage,Public Works Department,Madhya Pradesh,Patna,2026-02-25,Pending,Medium,38,,0,
IND-CMP-0829,The scheduled public transport service has been unreliable for 116 days.,Public Transport,Transport Department,Telangana,Patna,2024-04-24,Resolved,High,0,2024-07-21,0,5
IND-CMP-0830,Street lights in the locality have not been working for 27 days.,Street Lighting,Municipal Engineering Department,Kerala,Lucknow,2025-04-12,Resolved,Medium,0,2025-04-29,0,2
IND-CMP-0831,Street electricity infrastructure in our area has not been functioning properly for 41 days.,Electricity,Electricity Department,Gujarat,Mumbai,2024-01-24,In Progress,Medium,41,,0,
IND-CMP-0832,There has been a delay in processing my requested government certificate.,Certificates,Revenue Department,Kerala,Hyderabad,2025-04-18,In Progress,High,78,,0,
IND-CMP-0833,Street lights in the locality have not been working for 88 days.,Street Lighting,Municipal Engineering Department,Maharashtra,Ahmedabad,2025-10-17,In Progress,High,88,,0,
IND-CMP-0834,A damaged road with potholes near the residential area has not been repaired for 35 days.,Road Damage,Public Works Department,Rajasthan,Chennai,2025-02-10,Resolved,Medium,0,2025-02-11,0,3
IND-CMP-0835,My welfare scheme application has remained pending for 50 days.,Welfare Scheme,Social Welfare Department,West Bengal,Bhopal,2026-01-01,Resolved,Medium,0,2026-02-06,0,2
IND-CMP-0836,Basic public health services have not been available as expected for 110 days.,Public Health,Public Health Department,Andhra Pradesh,Mumbai,2025-07-28,Resolved,High,0,2025-09-17,0,5
IND-CMP-0837,Several public street lights are not functioning and require maintenance.,Street Lighting,Municipal Engineering Department,Rajasthan,Mumbai,2024-01-09,Resolved,High,0,2024-02-05,0,3
IND-CMP-0838,Street electricity infrastructure in our area has not been functioning properly for 82 days.,Electricity,Electricity Department,Maharashtra,Kolkata,2024-05-21,Resolved,High,0,2024-07-12,0,5
IND-CMP-0839,The benefit related to my welfare application has not been processed within the expected time.,Welfare Scheme,Social Welfare Department,Andhra Pradesh,Chennai,2025-08-28,In Progress,Low,14,,0,
IND-CMP-0840,The drainage system needs cleaning because wastewater is not flowing properly.,Drainage,Municipal Engineering Department,Madhya Pradesh,Jaipur,2024-02-19,Resolved,High,0,2024-03-13,0,4
IND-CMP-0841,Public transport service is irregular and commuters are facing repeated delays.,Public Transport,Transport Department,Maharashtra,Ahmedabad,2025-09-07,In Progress,High,107,,0,
IND-CMP-0842,Several public street lights are not functioning and require maintenance.,Street Lighting,Municipal Engineering Department,Gujarat,Jaipur,2024-12-24,In Progress,High,86,,0,
IND-CMP-0843,There has been a delay in processing my requested government certificate.,Certificates,Revenue Department,Andhra Pradesh,Mumbai,2025-05-15,Resolved,Medium,0,2025-06-02,0,5
IND-CMP-0844,The local public health facility is facing a service delay and residents need assistance.,Public Health,Public Health Department,Bihar,Kochi,2026-04-30,Pending,Medium,69,,0,
IND-CMP-0845,The public area has not been cleaned regularly and sanitation conditions are poor.,Sanitation,Municipal Sanitation Department,Andhra Pradesh,Chennai,2024-08-01,In Progress,High,81,,0,
IND-CMP-0846,The public area has not been cleaned regularly and sanitation conditions are poor.,Sanitation,Municipal Sanitation Department,Gujarat,Bengaluru,2025-07-23,Pending,High,100,,0,
IND-CMP-0847,Repeated power-related service interruptions have affected residents for 88 days.,Electricity,Electricity Department,Bihar,Visakhapatnam,2026-05-22,Resolved,High,0,2026-07-03,0,3
IND-CMP-0848,My welfare scheme application has remained pending for 8 days.,Welfare Scheme,Social Welfare Department,Madhya Pradesh,Bhopal,2026-02-20,Pending,Low,8,,0,
IND-CMP-0849,Drinking water supply is irregular and residents are facing difficulty for 35 days.,Water Supply,Water Supply Department,Karnataka,Jaipur,2024-01-11,Resolved,Medium,0,2024-01-21,0,1
IND-CMP-0850,The road surface is badly damaged and needs urgent maintenance.,Road Damage,Public Works Department,Maharashtra,Visakhapatnam,2025-08-17,In Progress,Medium,57,,0,
IND-CMP-0851,Repeated power-related service interruptions have affected residents for 40 days.,Electricity,Electricity Department,Andhra Pradesh,Bengaluru,2024-05-20,In Progress,High,40,,0,
IND-CMP-0852,Garbage collection has been irregular for 104 days and waste is accumulating.,Sanitation,Municipal Sanitation Department,Madhya Pradesh,Hyderabad,2025-04-07,Pending,High,104,,0,
IND-CMP-0853,The public area has not been cleaned regularly and sanitation conditions are poor.,Sanitation,Municipal Sanitation Department,Gujarat,Patna,2025-01-11,Pending,Low,7,,0,
IND-CMP-0854,The drainage system needs cleaning because wastewater is not flowing properly.,Drainage,Municipal Engineering Department,Madhya Pradesh,Bengaluru,2025-10-11,Pending,Medium,56,,0,
IND-CMP-0855,The public area has not been cleaned regularly and sanitation conditions are poor.,Sanitation,Municipal Sanitation Department,Uttar Pradesh,Jaipur,2024-01-15,Resolved,Low,0,2024-01-26,0,2
IND-CMP-0856,There has been no regular water supply in our area for 42 days.,Water Supply,Water Supply Department,Karnataka,Jaipur,2026-03-24,Resolved,Medium,0,2026-04-30,0,4
IND-CMP-0857,Public transport service is irregular and commuters are facing repeated delays.,Public Transport,Transport Department,Rajasthan,Bhopal,2024-07-04,In Progress,Low,7,,0,
IND-CMP-0858,My certificate application has remained pending for 8 days without a clear update.,Certificates,Revenue Department,West Bengal,Jaipur,2024-09-02,Resolved,Low,0,2024-09-06,0,2
IND-CMP-0859,The drainage system needs cleaning because wastewater is not flowing properly.,Drainage,Municipal Engineering Department,Bihar,Bengaluru,2024-04-21,In Progress,High,85,,0,
IND-CMP-0860,My certificate application has remained pending for 61 days without a clear update.,Certificates,Revenue Department,Rajasthan,Kochi,2025-06-22,Pending,Medium,61,,0,
IND-CMP-0861,Drainage blockage is causing water accumulation in the locality for 116 days.,Drainage,Municipal Engineering Department,Uttar Pradesh,Chennai,2026-02-13,Pending,High,116,,0,
IND-CMP-0862,There has been a delay in processing my requested government certificate.,Certificates,Revenue Department,West Bengal,Hyderabad,2025-12-06,In Progress,High,115,,0,
IND-CMP-0863,The benefit related to my welfare application has not been processed within the expected time.,Welfare Scheme,Social Welfare Department,Karnataka,Kochi,2024-01-12,Resolved,High,0,2024-04-14,0,2
IND-CMP-0864,The road surface is badly damaged and needs urgent maintenance.,Road Damage,Public Works Department,Bihar,Kolkata,2024-01-02,In Progress,Low,4,,0,
IND-CMP-0865,My certificate application has remained pending for 106 days without a clear update.,Certificates,Revenue Department,Tamil Nadu,Bengaluru,2024-12-14,In Progress,High,106,,0,
IND-CMP-0866,The public area has not been cleaned regularly and sanitation conditions are poor.,Sanitation,Municipal Sanitation Department,West Bengal,Hyderabad,2025-04-29,Escalated,High,79,,1,
IND-CMP-0867,There has been a delay in processing my requested government certificate.,Certificates,Revenue Department,Kerala,Mumbai,2026-04-07,Resolved,Low,0,2026-04-09,0,1
IND-CMP-0868,My certificate application has remained pending for 15 days without a clear update.,Certificates,Revenue Department,Andhra Pradesh,Kochi,2025-01-30,In Progress,Low,15,,0,
IND-CMP-0869,The benefit related to my welfare application has not been processed within the expected time.,Welfare Scheme,Social Welfare Department,Tamil Nadu,Ahmedabad,2025-11-27,Resolved,Medium,0,2025-12-01,0,5
IND-CMP-0870,Repeated power-related service interruptions have affected residents for 51 days.,Electricity,Electricity Department,Rajasthan,Visakhapatnam,2024-11-26,Resolved,High,0,2024-11-29,0,3
IND-CMP-0871,Street lights in the locality have not been working for 14 days.,Street Lighting,Municipal Engineering Department,Gujarat,Lucknow,2025-01-28,Pending,Low,14,,0,
IND-CMP-0872,The local public health facility is facing a service delay and residents need assistance.,Public Health,Public Health Department,Bihar,Visakhapatnam,2024-01-20,Resolved,Low,0,2024-01-28,0,3
IND-CMP-0873,Street lights in the locality have not been working for 77 days.,Street Lighting,Municipal Engineering Department,Madhya Pradesh,Ahmedabad,2024-04-27,Pending,High,77,,0,
IND-CMP-0874,Street electricity infrastructure in our area has not been functioning properly for 118 days.,Electricity,Electricity Department,Telangana,Lucknow,2024-05-24,Escalated,High,118,,1,
IND-CMP-0875,A damaged road with potholes near the residential area has not been repaired for 112 days.,Road Damage,Public Works Department,Gujarat,Bengaluru,2024-07-20,In Progress,High,112,,0,
IND-CMP-0876,Public transport service is irregular and commuters are facing repeated delays.,Public Transport,Transport Department,West Bengal,Lucknow,2024-06-18,In Progress,High,79,,0,
IND-CMP-0877,My welfare scheme application has remained pending for 54 days.,Welfare Scheme,Social Welfare Department,Gujarat,Kochi,2024-01-23,In Progress,Medium,54,,0,
IND-CMP-0878,Street electricity infrastructure in our area has not been functioning properly for 84 days.,Electricity,Electricity Department,Karnataka,Visakhapatnam,2026-01-05,Resolved,High,0,2026-01-22,0,1
IND-CMP-0879,The local public health facility is facing a service delay and residents need assistance.,Public Health,Public Health Department,Kerala,Lucknow,2025-05-05,In Progress,Low,7,,0,
IND-CMP-0880,Drinking water supply is irregular and residents are facing difficulty for 45 days.,Water Supply,Water Supply Department,Uttar Pradesh,Bhopal,2024-08-09,Resolved,Medium,0,2024-09-16,0,3
IND-CMP-0881,Garbage collection has been irregular for 53 days and waste is accumulating.,Sanitation,Municipal Sanitation Department,Andhra Pradesh,Bengaluru,2024-08-30,Resolved,Medium,0,2024-09-03,0,3
IND-CMP-0882,There has been no regular water supply in our area for 67 days.,Water Supply,Water Supply Department,Tamil Nadu,Patna,2026-01-07,Resolved,Medium,0,2026-01-13,0,5
IND-CMP-0883,My welfare scheme application has remained pending for 88 days.,Welfare Scheme,Social Welfare Department,Telangana,Kochi,2025-10-15,Pending,High,88,,0,
IND-CMP-0884,The benefit related to my welfare application has not been processed within the expected time.,Welfare Scheme,Social Welfare Department,Maharashtra,Mumbai,2025-02-23,Resolved,Medium,0,2025-04-03,0,2
IND-CMP-0885,Several public street lights are not functioning and require maintenance.,Street Lighting,Municipal Engineering Department,Uttar Pradesh,Kochi,2024-10-26,Pending,Low,13,,0,
IND-CMP-0886,The public area has not been cleaned regularly and sanitation conditions are poor.,Sanitation,Municipal Sanitation Department,Kerala,Visakhapatnam,2024-05-26,Pending,Low,4,,0,
IND-CMP-0887,The scheduled public transport service has been unreliable for 15 days.,Public Transport,Transport Department,Kerala,Hyderabad,2025-11-14,Resolved,Low,0,2025-11-29,0,2
IND-CMP-0888,The drainage system needs cleaning because wastewater is not flowing properly.,Drainage,Municipal Engineering Department,Gujarat,Bhopal,2024-11-20,Escalated,Medium,33,,1,
IND-CMP-0889,Street electricity infrastructure in our area has not been functioning properly for 47 days.,Electricity,Electricity Department,Kerala,Mumbai,2025-03-21,Resolved,High,0,2025-03-29,0,4
IND-CMP-0890,The road surface is badly damaged and needs urgent maintenance.,Road Damage,Public Works Department,West Bengal,Patna,2024-07-31,Escalated,Medium,72,,1,
IND-CMP-0891,The public area has not been cleaned regularly and sanitation conditions are poor.,Sanitation,Municipal Sanitation Department,Rajasthan,Jaipur,2024-03-18,Pending,Medium,56,,0,
IND-CMP-0892,Street electricity infrastructure in our area has not been functioning properly for 116 days.,Electricity,Electricity Department,Bihar,Ahmedabad,2024-10-13,Pending,High,116,,0,
IND-CMP-0893,Drinking water supply is irregular and residents are facing difficulty for 99 days.,Water Supply,Water Supply Department,Madhya Pradesh,Bhopal,2024-09-06,Resolved,High,0,2024-09-13,0,1
IND-CMP-0894,A damaged road with potholes near the residential area has not been repaired for 55 days.,Road Damage,Public Works Department,Maharashtra,Jaipur,2025-04-10,Resolved,Medium,0,2025-04-11,0,5
IND-CMP-0895,Street lights in the locality have not been working for 102 days.,Street Lighting,Municipal Engineering Department,Gujarat,Ahmedabad,2025-01-06,In Progress,High,102,,0,
IND-CMP-0896,The local public health facility is facing a service delay and residents need assistance.,Public Health,Public Health Department,Kerala,Patna,2025-07-30,Resolved,Medium,0,2025-08-07,0,2
IND-CMP-0897,Street lights in the locality have not been working for 11 days.,Street Lighting,Municipal Engineering Department,Uttar Pradesh,Chennai,2025-07-03,Resolved,Low,0,2025-07-14,0,5
IND-CMP-0898,Street electricity infrastructure in our area has not been functioning properly for 68 days.,Electricity,Electricity Department,Tamil Nadu,Ahmedabad,2025-01-24,In Progress,Medium,68,,0,
IND-CMP-0899,Street lights in the locality have not been working for 94 days.,Street Lighting,Municipal Engineering Department,Uttar Pradesh,Lucknow,2024-09-06,Resolved,High,0,2024-10-22,0,3
IND-CMP-0900,Drinking water supply is irregular and residents are facing difficulty for 102 days.,Water Supply,Water Supply Department,Andhra Pradesh,Hyderabad,2026-05-01,Resolved,High,0,2026-07-23,0,2
IND-CMP-0901,The benefit related to my welfare application has not been processed within the expected time.,Welfare Scheme,Social Welfare Department,Rajasthan,Ahmedabad,2025-07-02,Escalated,Low,3,,1,
IND-CMP-0902,Public transport service is irregular and commuters are facing repeated delays.,Public Transport,Transport Department,Rajasthan,Kochi,2026-04-22,Resolved,Medium,0,2026-04-25,0,4
IND-CMP-0903,A damaged road with potholes near the residential area has not been repaired for 47 days.,Road Damage,Public Works Department,Kerala,Chennai,2025-04-08,In Progress,Medium,47,,0,
IND-CMP-0904,Street lights in the locality have not been working for 45 days.,Street Lighting,Municipal Engineering Department,Gujarat,Kochi,2024-03-11,Resolved,Medium,0,2024-04-16,0,1
IND-CMP-0905,The drainage system needs cleaning because wastewater is not flowing properly.,Drainage,Municipal Engineering Department,Bihar,Bhopal,2025-05-25,Pending,Medium,28,,0,
IND-CMP-0906,Garbage collection has been irregular for 56 days and waste is accumulating.,Sanitation,Municipal Sanitation Department,Maharashtra,Kolkata,2024-12-20,Resolved,Medium,0,2025-02-05,0,3
IND-CMP-0907,There has been a delay in processing my requested government certificate.,Certificates,Revenue Department,Madhya Pradesh,Kolkata,2025-02-23,Pending,High,98,,0,
IND-CMP-0908,Drinking water supply is irregular and residents are facing difficulty for 8 days.,Water Supply,Water Supply Department,Tamil Nadu,Mumbai,2025-06-08,Pending,Low,8,,0,
IND-CMP-0909,Garbage collection has been irregular for 96 days and waste is accumulating.,Sanitation,Municipal Sanitation Department,Maharashtra,Mumbai,2025-08-27,In Progress,High,96,,0,
IND-CMP-0910,The benefit related to my welfare application has not been processed within the expected time.,Welfare Scheme,Social Welfare Department,Telangana,Chennai,2025-09-07,In Progress,Low,18,,0,
IND-CMP-0911,Several public street lights are not functioning and require maintenance.,Street Lighting,Municipal Engineering Department,West Bengal,Kolkata,2024-02-22,Pending,High,80,,0,
IND-CMP-0912,The scheduled public transport service has been unreliable for 8 days.,Public Transport,Transport Department,Rajasthan,Chennai,2025-08-06,Resolved,Low,0,2025-08-07,0,5
IND-CMP-0913,Public transport service is irregular and commuters are facing repeated delays.,Public Transport,Transport Department,Madhya Pradesh,Bengaluru,2024-09-15,In Progress,High,113,,0,
IND-CMP-0914,The benefit related to my welfare application has not been processed within the expected time.,Welfare Scheme,Social Welfare Department,Uttar Pradesh,Hyderabad,2024-07-05,Resolved,High,0,2024-08-22,0,1
IND-CMP-0915,There has been no regular water supply in our area for 26 days.,Water Supply,Water Supply Department,Bihar,Lucknow,2025-10-08,In Progress,Medium,26,,0,
IND-CMP-0916,Street lights in the locality have not been working for 27 days.,Street Lighting,Municipal Engineering Department,Andhra Pradesh,Ahmedabad,2024-07-18,Escalated,Medium,27,,1,
IND-CMP-0917,Basic public health services have not been available as expected for 35 days.,Public Health,Public Health Department,Tamil Nadu,Hyderabad,2025-01-27,Pending,Medium,35,,0,
IND-CMP-0918,Street lights in the locality have not been working for 9 days.,Street Lighting,Municipal Engineering Department,Rajasthan,Chennai,2026-04-04,In Progress,Low,9,,0,
IND-CMP-0919,The drainage system needs cleaning because wastewater is not flowing properly.,Drainage,Municipal Engineering Department,Kerala,Bhopal,2025-02-26,Resolved,High,0,2025-03-01,0,2
IND-CMP-0920,Repeated power-related service interruptions have affected residents for 105 days.,Electricity,Electricity Department,Kerala,Lucknow,2025-11-10,Resolved,High,0,2026-01-29,0,1
IND-CMP-0921,The drainage system needs cleaning because wastewater is not flowing properly.,Drainage,Municipal Engineering Department,Rajasthan,Kochi,2026-01-02,In Progress,High,82,,0,
IND-CMP-0922,The public area has not been cleaned regularly and sanitation conditions are poor.,Sanitation,Municipal Sanitation Department,Maharashtra,Chennai,2026-02-28,Resolved,High,0,2026-05-10,0,2
IND-CMP-0923,Several public street lights are not functioning and require maintenance.,Street Lighting,Municipal Engineering Department,Uttar Pradesh,Ahmedabad,2025-03-07,In Progress,High,112,,0,
IND-CMP-0924,Drainage blockage is causing water accumulation in the locality for 50 days.,Drainage,Municipal Engineering Department,Madhya Pradesh,Hyderabad,2024-02-07,Resolved,Medium,0,2024-03-16,0,5
IND-CMP-0925,Street lights in the locality have not been working for 26 days.,Street Lighting,Municipal Engineering Department,Uttar Pradesh,Ahmedabad,2024-01-20,Resolved,Medium,0,2024-02-04,0,5
IND-CMP-0926,Basic public health services have not been available as expected for 34 days.,Public Health,Public Health Department,Madhya Pradesh,Mumbai,2024-11-02,Pending,High,34,,0,
IND-CMP-0927,The public area has not been cleaned regularly and sanitation conditions are poor.,Sanitation,Municipal Sanitation Department,Karnataka,Bhopal,2025-03-14,Resolved,Medium,0,2025-04-21,0,1
IND-CMP-0928,My certificate application has remained pending for 4 days without a clear update.,Certificates,Revenue Department,Telangana,Patna,2024-09-08,Pending,Low,4,,0,
IND-CMP-0929,My certificate application has remained pending for 38 days without a clear update.,Certificates,Revenue Department,Kerala,Kochi,2025-10-28,Resolved,Medium,0,2025-11-12,0,4
IND-CMP-0930,The public area has not been cleaned regularly and sanitation conditions are poor.,Sanitation,Municipal Sanitation Department,Karnataka,Hyderabad,2024-01-09,Resolved,Medium,0,2024-01-30,0,3
IND-CMP-0931,Basic public health services have not been available as expected for 28 days.,Public Health,Public Health Department,Andhra Pradesh,Patna,2024-12-29,Pending,Medium,28,,0,
IND-CMP-0932,Garbage collection has been irregular for 100 days and waste is accumulating.,Sanitation,Municipal Sanitation Department,Karnataka,Bhopal,2026-03-15,Resolved,High,0,2026-06-16,0,2
IND-CMP-0933,There has been a delay in processing my requested government certificate.,Certificates,Revenue Department,Gujarat,Jaipur,2024-12-27,Pending,Low,22,,0,
IND-CMP-0934,Street lights in the locality have not been working for 28 days.,Street Lighting,Municipal Engineering Department,Maharashtra,Visakhapatnam,2025-03-05,Resolved,Medium,0,2025-03-13,0,5
IND-CMP-0935,Basic public health services have not been available as expected for 41 days.,Public Health,Public Health Department,Karnataka,Chennai,2024-07-26,Resolved,High,0,2024-08-24,0,2
IND-CMP-0936,The public area has not been cleaned regularly and sanitation conditions are poor.,Sanitation,Municipal Sanitation Department,Kerala,Lucknow,2026-02-20,In Progress,Medium,57,,0,
IND-CMP-0937,The scheduled public transport service has been unreliable for 7 days.,Public Transport,Transport Department,Andhra Pradesh,Chennai,2024-05-28,Pending,Low,7,,0,
IND-CMP-0938,Street electricity infrastructure in our area has not been functioning properly for 25 days.,Electricity,Electricity Department,Kerala,Kolkata,2024-01-30,Resolved,High,0,2024-02-19,0,4
IND-CMP-0939,There has been no regular water supply in our area for 16 days.,Water Supply,Water Supply Department,Kerala,Hyderabad,2025-12-15,In Progress,Low,16,,0,
IND-CMP-0940,Drinking water supply is irregular and residents are facing difficulty for 12 days.,Water Supply,Water Supply Department,Maharashtra,Chennai,2024-06-23,Resolved,Low,0,2024-07-01,0,5
IND-CMP-0941,Drinking water supply is irregular and residents are facing difficulty for 11 days.,Water Supply,Water Supply Department,Telangana,Jaipur,2024-01-02,In Progress,Low,11,,0,
IND-CMP-0942,There has been a delay in processing my requested government certificate.,Certificates,Revenue Department,Uttar Pradesh,Bengaluru,2026-01-22,Escalated,High,85,,1,
IND-CMP-0943,There has been a delay in processing my requested government certificate.,Certificates,Revenue Department,Kerala,Bhopal,2025-08-18,Resolved,Low,0,2025-09-01,0,1
IND-CMP-0944,The drainage system needs cleaning because wastewater is not flowing properly.,Drainage,Municipal Engineering Department,Kerala,Jaipur,2024-08-07,In Progress,High,42,,0,
IND-CMP-0945,Street lights in the locality have not been working for 84 days.,Street Lighting,Municipal Engineering Department,Andhra Pradesh,Kochi,2025-06-20,Resolved,High,0,2025-06-21,0,5
IND-CMP-0946,The local public health facility is facing a service delay and residents need assistance.,Public Health,Public Health Department,Madhya Pradesh,Ahmedabad,2026-06-03,Resolved,High,0,2026-06-23,0,3
IND-CMP-0947,Drinking water supply is irregular and residents are facing difficulty for 58 days.,Water Supply,Water Supply Department,Rajasthan,Mumbai,2025-07-29,In Progress,Medium,58,,0,
IND-CMP-0948,The drainage system needs cleaning because wastewater is not flowing properly.,Drainage,Municipal Engineering Department,Andhra Pradesh,Hyderabad,2024-10-06,Pending,High,87,,0,
IND-CMP-0949,There has been a delay in processing my requested government certificate.,Certificates,Revenue Department,Telangana,Lucknow,2024-07-29,In Progress,Medium,72,,0,
IND-CMP-0950,There has been no regular water supply in our area for 4 days.,Water Supply,Water Supply Department,Rajasthan,Bengaluru,2025-01-28,In Progress,Low,4,,0,
IND-CMP-0951,Several public street lights are not functioning and require maintenance.,Street Lighting,Municipal Engineering Department,Kerala,Mumbai,2025-11-15,Resolved,Medium,0,2025-11-27,0,5
IND-CMP-0952,The scheduled public transport service has been unreliable for 81 days.,Public Transport,Transport Department,Kerala,Kochi,2025-11-11,In Progress,High,81,,0,
IND-CMP-0953,Repeated power-related service interruptions have affected residents for 75 days.,Electricity,Electricity Department,Rajasthan,Visakhapatnam,2026-04-08,Pending,Medium,75,,0,
IND-CMP-0954,There has been no regular water supply in our area for 106 days.,Water Supply,Water Supply Department,Kerala,Mumbai,2025-10-19,Escalated,High,106,,1,
IND-CMP-0955,The scheduled public transport service has been unreliable for 113 days.,Public Transport,Transport Department,Madhya Pradesh,Visakhapatnam,2024-01-26,Pending,High,113,,0,
IND-CMP-0956,My certificate application has remained pending for 13 days without a clear update.,Certificates,Revenue Department,Bihar,Bhopal,2025-10-04,Pending,Low,13,,0,
IND-CMP-0957,Public transport service is irregular and commuters are facing repeated delays.,Public Transport,Transport Department,Uttar Pradesh,Mumbai,2024-03-28,Resolved,High,0,2024-04-24,0,4
IND-CMP-0958,The local public health facility is facing a service delay and residents need assistance.,Public Health,Public Health Department,West Bengal,Ahmedabad,2024-08-05,In Progress,Medium,39,,0,
IND-CMP-0959,There has been no regular water supply in our area for 64 days.,Water Supply,Water Supply Department,Kerala,Bengaluru,2025-02-25,Resolved,Medium,0,2025-03-26,0,4
IND-CMP-0960,The road surface is badly damaged and needs urgent maintenance.,Road Damage,Public Works Department,West Bengal,Chennai,2025-01-04,Resolved,Low,0,2025-01-22,0,2
IND-CMP-0961,Street lights in the locality have not been working for 105 days.,Street Lighting,Municipal Engineering Department,Uttar Pradesh,Visakhapatnam,2024-02-12,Resolved,High,0,2024-04-23,0,4
IND-CMP-0962,Public transport service is irregular and commuters are facing repeated delays.,Public Transport,Transport Department,Bihar,Ahmedabad,2025-07-22,Resolved,High,0,2025-08-01,0,2
IND-CMP-0963,Street lights in the locality have not been working for 38 days.,Street Lighting,Municipal Engineering Department,Telangana,Chennai,2024-08-22,Resolved,Medium,0,2024-09-09,0,2
IND-CMP-0964,There has been a delay in processing my requested government certificate.,Certificates,Revenue Department,Uttar Pradesh,Jaipur,2024-06-11,Pending,High,94,,0,
IND-CMP-0965,My certificate application has remained pending for 12 days without a clear update.,Certificates,Revenue Department,Madhya Pradesh,Mumbai,2024-12-31,Resolved,Low,0,2025-01-03,0,5
IND-CMP-0966,The local public health facility is facing a service delay and residents need assistance.,Public Health,Public Health Department,Kerala,Mumbai,2026-01-07,Resolved,High,0,2026-04-02,0,4
IND-CMP-0967,My certificate application has remained pending for 50 days without a clear update.,Certificates,Revenue Department,West Bengal,Jaipur,2025-09-19,Resolved,Medium,0,2025-11-02,0,1
IND-CMP-0968,Garbage collection has been irregular for 9 days and waste is accumulating.,Sanitation,Municipal Sanitation Department,Karnataka,Bhopal,2024-12-19,Pending,Low,9,,0,
IND-CMP-0969,The benefit related to my welfare application has not been processed within the expected time.,Welfare Scheme,Social Welfare Department,Uttar Pradesh,Bhopal,2025-03-01,In Progress,High,89,,0,
IND-CMP-0970,Garbage collection has been irregular for 114 days and waste is accumulating.,Sanitation,Municipal Sanitation Department,Kerala,Lucknow,2025-01-09,Pending,High,114,,0,
IND-CMP-0971,The local public health facility is facing a service delay and residents need assistance.,Public Health,Public Health Department,Kerala,Chennai,2025-10-15,Escalated,High,85,,1,
IND-CMP-0972,The public area has not been cleaned regularly and sanitation conditions are poor.,Sanitation,Municipal Sanitation Department,Gujarat,Kochi,2026-01-16,Resolved,High,0,2026-04-20,0,3
IND-CMP-0973,Street electricity infrastructure in our area has not been functioning properly for 82 days.,Electricity,Electricity Department,West Bengal,Hyderabad,2026-03-15,Resolved,High,0,2026-05-16,0,3
IND-CMP-0974,The local public health facility is facing a service delay and residents need assistance.,Public Health,Public Health Department,Karnataka,Hyderabad,2024-09-27,Resolved,High,0,2024-11-08,0,5
IND-CMP-0975,Drinking water supply is irregular and residents are facing difficulty for 118 days.,Water Supply,Water Supply Department,Andhra Pradesh,Visakhapatnam,2025-01-02,Resolved,High,0,2025-01-09,0,2
IND-CMP-0976,Repeated power-related service interruptions have affected residents for 39 days.,Electricity,Electricity Department,Maharashtra,Kolkata,2024-05-11,Resolved,Medium,0,2024-06-05,0,3
IND-CMP-0977,The local public health facility is facing a service delay and residents need assistance.,Public Health,Public Health Department,Telangana,Chennai,2024-08-12,Pending,Low,12,,0,
IND-CMP-0978,There has been a delay in processing my requested government certificate.,Certificates,Revenue Department,Kerala,Bhopal,2024-01-11,Resolved,High,0,2024-05-02,0,1
IND-CMP-0979,There has been a delay in processing my requested government certificate.,Certificates,Revenue Department,Rajasthan,Jaipur,2025-02-14,Resolved,Medium,0,2025-02-24,0,2
IND-CMP-0980,Several public street lights are not functioning and require maintenance.,Street Lighting,Municipal Engineering Department,Rajasthan,Hyderabad,2024-05-14,Pending,Medium,33,,0,
IND-CMP-0981,My welfare scheme application has remained pending for 27 days.,Welfare Scheme,Social Welfare Department,Andhra Pradesh,Patna,2024-04-18,Resolved,Medium,0,2024-04-24,0,2
IND-CMP-0982,My welfare scheme application has remained pending for 37 days.,Welfare Scheme,Social Welfare Department,Tamil Nadu,Kochi,2026-05-23,Resolved,Medium,0,2026-06-22,0,4
IND-CMP-0983,Drinking water supply is irregular and residents are facing difficulty for 64 days.,Water Supply,Water Supply Department,Madhya Pradesh,Lucknow,2025-06-28,Resolved,Medium,0,2025-07-13,0,4
IND-CMP-0984,The scheduled public transport service has been unreliable for 101 days.,Public Transport,Transport Department,Madhya Pradesh,Lucknow,2025-05-22,Resolved,High,0,2025-07-06,0,5
IND-CMP-0985,The public area has not been cleaned regularly and sanitation conditions are poor.,Sanitation,Municipal Sanitation Department,Uttar Pradesh,Lucknow,2025-07-21,Resolved,Low,0,2025-08-02,0,3
IND-CMP-0986,The local public health facility is facing a service delay and residents need assistance.,Public Health,Public Health Department,Madhya Pradesh,Bhopal,2025-03-22,In Progress,High,7,,0,
IND-CMP-0987,There has been a delay in processing my requested government certificate.,Certificates,Revenue Department,Madhya Pradesh,Kochi,2025-06-09,Pending,High,94,,0,
IND-CMP-0988,Garbage collection has been irregular for 37 days and waste is accumulating.,Sanitation,Municipal Sanitation Department,Maharashtra,Hyderabad,2025-08-15,In Progress,Medium,37,,0,
IND-CMP-0989,The local public health facility is facing a service delay and residents need assistance.,Public Health,Public Health Department,Tamil Nadu,Kochi,2025-08-27,Resolved,Medium,0,2025-11-10,0,2
IND-CMP-0990,Basic public health services have not been available as expected for 11 days.,Public Health,Public Health Department,Gujarat,Ahmedabad,2026-03-31,In Progress,Low,11,,0,
IND-CMP-0991,Public transport service is irregular and commuters are facing repeated delays.,Public Transport,Transport Department,Telangana,Mumbai,2025-05-01,Pending,High,84,,0,
IND-CMP-0992,The scheduled public transport service has been unreliable for 120 days.,Public Transport,Transport Department,Madhya Pradesh,Bhopal,2025-04-13,In Progress,High,120,,0,
IND-CMP-0993,Basic public health services have not been available as expected for 23 days.,Public Health,Public Health Department,Karnataka,Kolkata,2024-04-01,Pending,High,23,,0,
IND-CMP-0994,Several public street lights are not functioning and require maintenance.,Street Lighting,Municipal Engineering Department,Telangana,Kolkata,2024-04-06,Pending,Low,15,,0,
IND-CMP-0995,The local public health facility is facing a service delay and residents need assistance.,Public Health,Public Health Department,Kerala,Jaipur,2024-08-17,Resolved,High,0,2024-09-16,0,2
IND-CMP-0996,There has been no regular water supply in our area for 66 days.,Water Supply,Water Supply Department,Telangana,Ahmedabad,2025-06-27,Resolved,Medium,0,2025-08-25,0,5
IND-CMP-0997,Garbage collection has been irregular for 66 days and waste is accumulating.,Sanitation,Municipal Sanitation Department,Telangana,Kolkata,2024-08-08,Pending,Medium,66,,0,
IND-CMP-0998,My welfare scheme application has remained pending for 2 days.,Welfare Scheme,Social Welfare Department,Bihar,Jaipur,2024-07-25,In Progress,Low,2,,0,
IND-CMP-0999,The benefit related to my welfare application has not been processed within the expected time.,Welfare Scheme,Social Welfare Department,Kerala,Hyderabad,2024-08-08,In Progress,Medium,40,,0,
IND-CMP-1000,The benefit related to my welfare application has not been processed within the expected time.,Welfare Scheme,Social Welfare Department,Karnataka,Kochi,2025-07-01,In Progress,High,76,,0,
